PUBLICID,VERSION,LONGNAME,TYPE,CREATEDBY,DATECREATED,DATEMODIFIED,ID,LANGUAGENAME,MODIFIEDBY,NAME,TYPE2,DESIGNATION,CONTEXT
6369874,1,Clinical Performed Observation Outcome Data PCORnet CDM Lab SNOMED CT Code,,DWARZEL,,,,ENGLISH,,LAB_RESULT,PCORnet Table,,CDMH Phase I
6379538,1,Biospecimen Collection Intervention or Procedure Performed Study Activity Method Code PCORnet CDM Lab Specimen Source,,DWARZEL,,,,ENGLISH,,LAB_RESULT,PCORnet Table,,CDMH Phase I
6423062,1,"Protocol Agent Transfer Administration, Management Performed Study Activity Dose Day Number Sentinel CDM Dispensing Prescription Supply Day Count",,DWARZEL,,,,ENGLISH,,DISPENSING,Sentinel Table,,CDMH Phase I
6400702,1,Adverse Event Performed Observation Outcome Occurrence Date and Time Range ACT I2B2 CDM Death Date and Time,,DWARZEL,,,,ENGLISH,,DEMOGRAPHICS,ACT Table,,CDMH Phase I
6385407,1,Adverse Event Performed Observation Outcome Occurrence Date and Time Range Sentinel CDM Death Date,,DWARZEL,,,,ENGLISH,,DEATH,Sentinel Table,,CDMH Phase I
6381572,1,Or Consortium or Network Professional Organization or Group Name OMOP CDM Care Site Name,,DWARZEL,,,,ENGLISH,,CARE_SITE,OMOP Table,,CDMH Phase I
6369865,1,Reference Object Outcome Data PCORnet CDM Lab Result Modifier Low Code,,DWARZEL,,,,ENGLISH,,LAB_RESULT,PCORnet Table,,CDMH Phase I
6369901,1,Substance Administration Intervention or Procedure Performed Study Activity Product Dose PCORnet CDM Prescription Ordered Dose Value,,DWARZEL,,,,ENGLISH,,PRESCRIBING,PCORnet Table,,CDMH Phase I
6422469,1,Substance Administration Intervention or Procedure Performed Study Activity Information Source Type Code OMOP CDM Drug Type Concept Identifier,,DWARZEL,,,,ENGLISH,,DRUG_EXPOSURE,OMOP Table,,CDMH Phase I
6381603,1,Observation Reuse Template Study Activity Name Code OMOP CDM Measurement Concept Identifier,,DWARZEL,,,,ENGLISH,,MEASUREMENT,OMOP Table,,CDMH Phase I
6422999,1,Performed Encounter Date and Time Range ACT I2B2 CDM Discharge Date and Time,,DWARZEL,,,,ENGLISH,,VISIT,ACT Table,,CDMH Phase I
6423057,1,Performed Encounter Identifier Sentinel CDM Encounter Identifier,,DWARZEL,,,,ENGLISH,,PROCEDURE,Sentinel Table,,CDMH Phase I
6423057,1,Performed Encounter Identifier Sentinel CDM Encounter Identifier,,DWARZEL,,,,ENGLISH,,ENCOUNTER,Sentinel Table,,CDMH Phase I
6423057,1,Performed Encounter Identifier Sentinel CDM Encounter Identifier,,DWARZEL,,,,ENGLISH,,VITAL_SIGNS,Sentinel Table,,CDMH Phase I
6423057,1,Performed Encounter Identifier Sentinel CDM Encounter Identifier,,DWARZEL,,,,ENGLISH,,INPATIENT_TRANSFUSION,Sentinel Table,,CDMH Phase I
6423057,1,Performed Encounter Identifier Sentinel CDM Encounter Identifier,,DWARZEL,,,,ENGLISH,,INPATIENT_PHARMACY,Sentinel Table,,CDMH Phase I
6423057,1,Performed Encounter Identifier Sentinel CDM Encounter Identifier,,DWARZEL,,,,ENGLISH,,DIAGNOSIS,Sentinel Table,,CDMH Phase I
6400730,1,Reference Object Outcome Data ACT I2B2 CDM Normal Range Low Value,,DWARZEL,,,,ENGLISH,,LABORATORY_TEST,ACT Table,,CDMH Phase I
6381595,1,Substance Administration Intervention or Procedure Performed Study Activity Date and Time Range OMOP CDM Drug Exposure Start Date,,DWARZEL,,,,ENGLISH,,DRUG_EXPOSURE,OMOP Table,,CDMH Phase I
6369850,1,Substance Administration Intervention or Procedure Performed Study Activity Identifier PCORnet CDM Prescribing Identifier,,DWARZEL,,,,ENGLISH,,PRESCRIBING,PCORnet Table,,CDMH Phase I
6369850,1,Substance Administration Intervention or Procedure Performed Study Activity Identifier PCORnet CDM Prescribing Identifier,,DWARZEL,,,,ENGLISH,,DISPENSING,PCORnet Table,,CDMH Phase I
6369850,1,Substance Administration Intervention or Procedure Performed Study Activity Identifier PCORnet CDM Prescribing Identifier,,DWARZEL,,,,ENGLISH,,MEDICATIONS_ADMINISTERED,PCORnet Table,,CDMH Phase I
6386879,1,Reference Object Outcome Data Sentinel CDM Laboratory Result Low Modifier Code,,DWARZEL,,,,ENGLISH,,LABORATORY_RESULTS,Sentinel Table,,CDMH Phase I
6422464,1,Performed Specimen Collection Quantity OMOP CDM Specimen Quantity Float,,DWARZEL,,,,ENGLISH,,SPECIMEN,OMOP Table,,CDMH Phase I
6365313,1,Medical Condition Performed Observation Outcome Occurrence Date and Time Range PCORnet CDM Medical Condition Resolve Date,,DWARZEL,,,,ENGLISH,,CONDITION,PCORnet Table,,CDMH Phase I
6385417,1,Protocol Agent Transfer Administration Performed Study Activity Date and Time Range Sentinel CDM Dispensing Date,,DWARZEL,,,,ENGLISH,,DISPENSING,Sentinel Table,,CDMH Phase I
6369914,1,Observation Reuse Template Study Activity Name Code PCORnet CDM Patient Reported Outcome Measure Name,,DWARZEL,,,,ENGLISH,,PATIENT_REPORTED_OUTCOMES_(PRO),PCORnet Table,,CDMH Phase I
6421495,1,Observation Performed Study Activity Information Source Type Code PCORnet CDM Medical Condition Source Code,,DWARZEL,,,,ENGLISH,,CONDITION,PCORnet Table,,CDMH Phase I
6369869,1,Clinical Performed Observation Outcome Data PCORnet CDM Raw Lab Result,,DWARZEL,,,,ENGLISH,,LAB_RESULT,PCORnet Table,,CDMH Phase I
6385465,1,Clinical Performed Observation Outcome Data Sentinel CDM Systolic Blood Pressure Value,,DWARZEL,,,,ENGLISH,,VITAL_SIGNS,Sentinel Table,,CDMH Phase I
6422466,1,"Protocol Agent Transfer Administration, Management Performed Study Activity Dose Day Number OMOP CDM Supply Day Count",,DWARZEL,,,,ENGLISH,,DRUG_EXPOSURE,OMOP Table,,CDMH Phase I
6381573,1,Institution Postal Address OMOP CDM Geographic Location Identifier,,DWARZEL,,,,ENGLISH,,CARE_SITE,OMOP Table,,CDMH Phase I
6381630,1,Person Biological Entity Birth Date and Time OMOP CDM Month of Birth Number,,DWARZEL,,,,ENGLISH,,PERSON,OMOP Table,,CDMH Phase I
6422997,1,Diagnosis Performed Observation Outcome Priority at Discharge Code ACT I2B2 CDM Principal Discharge Diagnosis Code,,DWARZEL,,,,ENGLISH,,DIAGNOSIS,ACT Table,,CDMH Phase I
6381584,1,Medical Device Product Material Code OMOP CDM Device Concept Identifier,,DWARZEL,,,,ENGLISH,,DEVICE_EXPOSURE,OMOP Table,,CDMH Phase I
6385385,1,Substance Administration Intervention or Procedure Performed Study Activity Identifier Sentinel CDM Transfusion Administration Identifier,,DWARZEL,,,,ENGLISH,,INPATIENT_TRANSFUSION,Sentinel Table,,CDMH Phase I
6379542,1,Clinical Performed Observation Outcome Data PCORnet CDM Clinical Observation Result Modifier Code,,DWARZEL,,,,ENGLISH,,OBSERVATIONS_CLINICAL_(OBS_CLIN),PCORnet Table,,CDMH Phase I
6379876,1,Substance Administration Intervention or Procedure Performed Study Activity Dose Frequency Code PCORnet CDM Prescribed Medication Frequency,,DWARZEL,,,,ENGLISH,,PRESCRIBING,PCORnet Table,,CDMH Phase I
6421683,1,"Protocol Agent Transfer Administration, Management Performed Study Activity Dose Day Number PCORnet CDM Dispense Supply Day Count",,DWARZEL,,,,ENGLISH,,DISPENSING,PCORnet Table,,CDMH Phase I
6365298,1,Medical Condition Performed Observation Outcome Occurrence Date and Time Range PCORnet CDM Medical Condition Onset Date and Time,,DWARZEL,,,,ENGLISH,,CONDITION,PCORnet Table,,CDMH Phase I
6093481,1,Person Biological Entity Race Code OMOP CDM Race Concept Identifier,,DWARZEL,,,,ENGLISH,,PERSON,OMOP Table,,CDMH Phase I
6423058,1,Observation Performed Study Activity Information Source Type Code Sentinel CDM Cause of Death Source,,DWARZEL,,,,ENGLISH,,CAUSE_OF_DEATH,Sentinel Table,,CDMH Phase I
6333686,1,Subject Activity Group Reuse Template Study Activity Name Code PCORnet CDM Encounter Type,,DWARZEL,,,,ENGLISH,,ENCOUNTER,PCORnet Table,,CDMH Phase I
6333686,1,Subject Activity Group Reuse Template Study Activity Name Code PCORnet CDM Encounter Type,,DWARZEL,,,,ENGLISH,,DIAGNOSIS,PCORnet Table,,CDMH Phase I
6333686,1,Subject Activity Group Reuse Template Study Activity Name Code PCORnet CDM Encounter Type,,DWARZEL,,,,ENGLISH,,PROCEDURES,PCORnet Table,,CDMH Phase I
6385451,1,Place Type Code Sentinel CDM Laboratory Result Location Code,,DWARZEL,,,,ENGLISH,,LABORATORY_RESULTS,Sentinel Table,,CDMH Phase I
6365714,1,Diagnosis Performed Observation Outcome Data PCORnet CDM Diagnosis Code,,DWARZEL,,,,ENGLISH,,DIAGNOSIS,PCORnet Table,,CDMH Phase I
6423043,1,Biologically-Derived Material Product Material Characteristic Behavior Code Sentinel CDM Blood Type,,DWARZEL,,,,ENGLISH,,INPATIENT_TRANSFUSION,Sentinel Table,,CDMH Phase I
6369871,1,Place Type Code PCORnet CDM Lab Result Location Code,,DWARZEL,,,,ENGLISH,,LAB_RESULT,PCORnet Table,,CDMH Phase I
6421500,1,Observation Performed Study Activity Information Source Type Code PCORnet CDM Death Cause Source Code,,DWARZEL,,,,ENGLISH,,DEATH_CAUSE,PCORnet Table,,CDMH Phase I
6381590,1,Substance Administration Intervention or Procedure Performed Study Activity Product Dose OMOP CDM Device Quantity Value,,DWARZEL,,,,ENGLISH,,DEVICE_EXPOSURE,OMOP Table,,CDMH Phase I
6369907,1,Observation Performed Study Activity Identifier PCORnet CDM Patient Reported Outcome Result Identifier,,DWARZEL,,,,ENGLISH,,PATIENT_REPORTED_OUTCOMES_(PRO),PCORnet Table,,CDMH Phase I
6369905,1,Protocol Agent Transfer Administration Performed Study Activity Date and Time Range PCORnet CDM Prescription Order Start Date,,DWARZEL,,,,ENGLISH,,PRESCRIBING,PCORnet Table,,CDMH Phase I
6365715,1,Diagnosis Performed Observation Outcome Data PCORnet CDM Diagnosis Terminology Type,,DWARZEL,,,,ENGLISH,,DIAGNOSIS,PCORnet Table,,CDMH Phase I
6400704,1,Diagnosis Performed Observation Outcome Data ACT I2B2 CDM Diagnosis Code,,DWARZEL,,,,ENGLISH,,DIAGNOSIS,ACT Table,,CDMH Phase I
6400728,1,Reference Object Outcome Data ACT I2B2 CDM Laboratory Result Low Modifier Code,,DWARZEL,,,,ENGLISH,,LABORATORY_TEST,ACT Table,,CDMH Phase I
6400759,1,Intervention or Procedure Performed Study Activity Date and Time Range ACT I2B2 CDM Procedure Date and Time,,DWARZEL,,,,ENGLISH,,PROCEDURE,ACT Table,,CDMH Phase I
6379537,1,Clinical Performed Observation Outcome Data PCORnet CDM Lab Result Unit of Measure,,DWARZEL,,,,ENGLISH,,LAB_RESULT,PCORnet Table,,CDMH Phase I
6423001,1,Substance Administration Intervention or Procedure Performed Study Activity Order Care Setting Type Code ACT I2B2 CDM Medication Order Type,,DWARZEL,,,,ENGLISH,,MEDICATION,ACT Table,,CDMH Phase I
6422448,1,Performed Encounter Date and Time Range OMOP CDM Visit End Date and Time,,DWARZEL,,,,ENGLISH,,VISIT_OCCURRENCE,OMOP Table,,CDMH Phase I
6385433,1,Biospecimen Collection Intervention or Procedure Performed Study Activity Date and Time Range Sentinel CDM Specimen Collected Date,,DWARZEL,,,,ENGLISH,,LABORATORY_RESULTS,Sentinel Table,,CDMH Phase I
6381583,1,Adverse Event Performed Observation Outcome Occurrence Date and Time Range OMOP CDM Death Date and Time,,DWARZEL,,,,ENGLISH,,DEATH,OMOP Table,,CDMH Phase I
6369910,1,Reuse Template Study Activity Name Code PCORnet CDM Patient Reported Outcome Item Short Name,,DWARZEL,,,,ENGLISH,,PATIENT_REPORTED_OUTCOMES_(PRO),PCORnet Table,,CDMH Phase I
6423054,1,Performed Encounter Classification Code Sentinel CDM Diagnosis Related Group Version Code,,DWARZEL,,,,ENGLISH,,ENCOUNTER,Sentinel Table,,CDMH Phase I
6333684,1,Subject Activity Group Reuse Template Study Activity Name Code OMOP CDM Visit Occurrence Identifier,,DWARZEL,,,,ENGLISH,,DRUG_EXPOSURE,OMOP Table,,CDMH Phase I
6333684,1,Subject Activity Group Reuse Template Study Activity Name Code OMOP CDM Visit Occurrence Identifier,,DWARZEL,,,,ENGLISH,,VISIT_OCCURRENCE,OMOP Table,,CDMH Phase I
6333684,1,Subject Activity Group Reuse Template Study Activity Name Code OMOP CDM Visit Occurrence Identifier,,DWARZEL,,,,ENGLISH,,PROCEDURE_OCCURRENCE,OMOP Table,,CDMH Phase I
6333684,1,Subject Activity Group Reuse Template Study Activity Name Code OMOP CDM Visit Occurrence Identifier,,DWARZEL,,,,ENGLISH,,DEVICE_EXPOSURE,OMOP Table,,CDMH Phase I
6333684,1,Subject Activity Group Reuse Template Study Activity Name Code OMOP CDM Visit Occurrence Identifier,,DWARZEL,,,,ENGLISH,,CONDITION_OCCURRENCE,OMOP Table,,CDMH Phase I
6333684,1,Subject Activity Group Reuse Template Study Activity Name Code OMOP CDM Visit Occurrence Identifier,,DWARZEL,,,,ENGLISH,,MEASUREMENT,OMOP Table,,CDMH Phase I
6333684,1,Subject Activity Group Reuse Template Study Activity Name Code OMOP CDM Visit Occurrence Identifier,,DWARZEL,,,,ENGLISH,,NOTE,OMOP Table,,CDMH Phase I
6333684,1,Subject Activity Group Reuse Template Study Activity Name Code OMOP CDM Visit Occurrence Identifier,,DWARZEL,,,,ENGLISH,,OBSERVATION,OMOP Table,,CDMH Phase I
6333688,1,Substance Administration Intervention or Procedure Performed Study Activity Administration Route Code PCORnet CDM Prescription Route of Administration Code,,DWARZEL,,,,ENGLISH,,PRESCRIBING,PCORnet Table,,CDMH Phase I
6333688,1,Substance Administration Intervention or Procedure Performed Study Activity Administration Route Code PCORnet CDM Prescription Route of Administration Code,,DWARZEL,,,,ENGLISH,,MEDICATIONS_ADMINISTERED,PCORnet Table,,CDMH Phase I
6365744,1,Person Biological Entity Or Sex Gender Code PCORnet CDM Provider Sex Code,,DWARZEL,,,,ENGLISH,,PROVIDER,PCORnet Table,,CDMH Phase I
6381645,1,Biospecimen Collection Intervention or Procedure Performed Study Activity Date and Time Range OMOP CDM Specimen Date and Time,,DWARZEL,,,,ENGLISH,,SPECIMEN,OMOP Table,,CDMH Phase I
6422450,1,Performed Encounter Date and Time Range OMOP CDM Visit Start Date and Time,,DWARZEL,,,,ENGLISH,,VISIT_OCCURRENCE,OMOP Table,,CDMH Phase I
6381626,1,Clinical Performed Observation Outcome Data OMOP CDM Observation Result Value Text,,DWARZEL,,,,ENGLISH,,OBSERVATION,OMOP Table,,CDMH Phase I
6381616,1,Observation Performed Study Activity Date and Time Range OMOP CDM Note Date and Time,,DWARZEL,,,,ENGLISH,,NOTE,OMOP Table,,CDMH Phase I
6369876,1,Biospecimen Collection Intervention or Procedure Performed Study Activity Date and Time Range PCORnet CDM Specimen Collection Date,,DWARZEL,,,,ENGLISH,,LAB_RESULT,PCORnet Table,,CDMH Phase I
6400725,1,Observation Reuse Template Study Activity Name Code ACT I2B2 CDM Laboratory Test Coding System Version Text,,DWARZEL,,,,ENGLISH,,LABORATORY_TEST,ACT Table,,CDMH Phase I
6385448,1,Observation Reuse Template Study Activity Name Code Sentinel CDM Laboratory Procedure Code,,DWARZEL,,,,ENGLISH,,LABORATORY_RESULTS,Sentinel Table,,CDMH Phase I
6385446,1,Clinical Performed Observation Outcome Data Sentinel CDM Laboratory Result Original Value,,DWARZEL,,,,ENGLISH,,LABORATORY_RESULTS,Sentinel Table,,CDMH Phase I
6385427,1,Substance Administration Intervention or Procedure Performed Study Activity Product Dose Sentinel CDM Prescription Adminstered Dose Value,,DWARZEL,,,,ENGLISH,,INPATIENT_PHARMACY,Sentinel Table,,CDMH Phase I
6400705,1,Diagnosis Performed Observation Outcome Data ACT I2B2 CDM Diagnosis Code System Type,,DWARZEL,,,,ENGLISH,,DIAGNOSIS,ACT Table,,CDMH Phase I
6333663,1,Person Biological Entity Or Sex Gender Code ACT I2B2 CDM Sex Code,,DWARZEL,,,,ENGLISH,,DEMOGRAPHICS,ACT Table,,CDMH Phase I
6369906,1,Pharmacologic Substance Product Material Code PCORnet CDM Prescription RxNorm CUI Code,,DWARZEL,,,,ENGLISH,,PRESCRIBING,PCORnet Table,,CDMH Phase I
6369859,1,Clinical Performed Observation Outcome Reference Object Range Comparison Code PCORnet CDM Laboratory Abnormal Result Indicator Code,,DWARZEL,,,,ENGLISH,,LAB_RESULT,PCORnet Table,,CDMH Phase I
6385410,1,Person Biological Entity Postal Address Sentinel CDM Zip Code Valid Date,,DWARZEL,,,,ENGLISH,,DEMOGRAPHIC,Sentinel Table,,CDMH Phase I
6144638,1,Person Biological Entity Or Sex Gender Code Sentinel CDM Sex Code,,DWARZEL,,,,ENGLISH,,DEMOGRAPHIC,Sentinel Table,,CDMH Phase I
6400752,1,Pharmacologic Substance Product Material Code ACT I2B2 CDM Medication Coding System Name,,DWARZEL,,,,ENGLISH,,MEDICATION,ACT Table,,CDMH Phase I
6379894,1,Clinical Performed Observation Outcome Data PCORnet CDM Tobacco Smoking History Code,,DWARZEL,,,,ENGLISH,,VITAL,PCORnet Table,,CDMH Phase I
6381613,1,Reference Object Outcome Data OMOP CDM Measurement Low Range Float,,DWARZEL,,,,ENGLISH,,MEASUREMENT,OMOP Table,,CDMH Phase I
6385463,1,Observation Performed Study Activity Date and Time Range Sentinel CDM Vital Sign Measurement Time,,DWARZEL,,,,ENGLISH,,VITAL_SIGNS,Sentinel Table,,CDMH Phase I
6421682,1,Performed Observation Outcome Creation Date PCORnet CDM Patient Reported Outcome Response Time,,DWARZEL,,,,ENGLISH,,PATIENT_REPORTED_OUTCOMES_(PRO),PCORnet Table,,CDMH Phase I
6381614,1,Observation Reuse Template Study Activity Name Code OMOP CDM Note Class Concept Identifier,,DWARZEL,,,,ENGLISH,,NOTE,OMOP Table,,CDMH Phase I
6385468,1,Clinical Performed Observation Outcome Data Sentinel CDM Weight Value,,DWARZEL,,,,ENGLISH,,VITAL_SIGNS,Sentinel Table,,CDMH Phase I
6369881,1,Substance Administration Intervention or Procedure Performed Study Activity Date and Time Range PCORnet CDM Medication Administration Start Date,,DWARZEL,,,,ENGLISH,,MEDICATIONS_ADMINISTERED,PCORnet Table,,CDMH Phase I
6381615,1,Observation Performed Study Activity Date and Time Range OMOP CDM Note Date,,DWARZEL,,,,ENGLISH,,NOTE,OMOP Table,,CDMH Phase I
6423000,1,Observation Performed Study Activity Timepoint Code ACT I2B2 CDM  Diagnosis Source Code,,DWARZEL,,,,ENGLISH,,DIAGNOSIS,ACT Table,,CDMH Phase I
6400755,1,Pharmacologic Substance Product Material Code ACT I2B2 CDM Medication Code System Version Text,,DWARZEL,,,,ENGLISH,,MEDICATION,ACT Table,,CDMH Phase I
6365756,1,Adverse Event Performed Observation Outcome Occurrence Date and Time Range PCORnet CDM Death Imputed Date Code,,DWARZEL,,,,ENGLISH,,DEATH,PCORnet Table,,CDMH Phase I
6369866,1,Reference Object Outcome Data PCORnet CDM Normal Range Low Value,,DWARZEL,,,,ENGLISH,,LAB_RESULT,PCORnet Table,,CDMH Phase I
6422998,1,Performed Encounter Date and Time Range ACT I2B2 CDM Admission Date and Time,,DWARZEL,,,,ENGLISH,,VISIT,ACT Table,,CDMH Phase I
6381629,1,Person Biological Entity Postal Address OMOP CDM Person Residence Location Identifier,,DWARZEL,,,,ENGLISH,,PERSON,OMOP Table,,CDMH Phase I
6385408,1,Adverse Event Performed Observation Outcome Occurrence Date and Time Range Sentinel CDM Death Imputed Date Code,,DWARZEL,,,,ENGLISH,,DEATH,Sentinel Table,,CDMH Phase I
6365281,1,Observation Performed Study Activity Identifier PCORnet CDM Medical Condition Identifier,,DWARZEL,,,,ENGLISH,,CONDITION,PCORnet Table,,CDMH Phase I
6369857,1,Institution Identifier PCORnet CDM Facility Identifier,,DWARZEL,,,,ENGLISH,,ENCOUNTER,PCORnet Table,,CDMH Phase I
6422441,1,Investigative Subject Identifier OMOP CDM Person Identifier,,DWARZEL,,,,ENGLISH,,OBSERVATION_PERIOD,OMOP Table,,CDMH Phase I
6422441,1,Investigative Subject Identifier OMOP CDM Person Identifier,,DWARZEL,,,,ENGLISH,,DRUG_EXPOSURE,OMOP Table,,CDMH Phase I
6422441,1,Investigative Subject Identifier OMOP CDM Person Identifier,,DWARZEL,,,,ENGLISH,,PERSON,OMOP Table,,CDMH Phase I
6422441,1,Investigative Subject Identifier OMOP CDM Person Identifier,,DWARZEL,,,,ENGLISH,,SPECIMEN,OMOP Table,,CDMH Phase I
6422441,1,Investigative Subject Identifier OMOP CDM Person Identifier,,DWARZEL,,,,ENGLISH,,DEATH,OMOP Table,,CDMH Phase I
6422441,1,Investigative Subject Identifier OMOP CDM Person Identifier,,DWARZEL,,,,ENGLISH,,VISIT_OCCURRENCE,OMOP Table,,CDMH Phase I
6422441,1,Investigative Subject Identifier OMOP CDM Person Identifier,,DWARZEL,,,,ENGLISH,,PROCEDURE_OCCURRENCE,OMOP Table,,CDMH Phase I
6422441,1,Investigative Subject Identifier OMOP CDM Person Identifier,,DWARZEL,,,,ENGLISH,,DEVICE_EXPOSURE,OMOP Table,,CDMH Phase I
6422441,1,Investigative Subject Identifier OMOP CDM Person Identifier,,DWARZEL,,,,ENGLISH,,CONDITION_OCCURRENCE,OMOP Table,,CDMH Phase I
6422441,1,Investigative Subject Identifier OMOP CDM Person Identifier,,DWARZEL,,,,ENGLISH,,MEASUREMENT,OMOP Table,,CDMH Phase I
6422441,1,Investigative Subject Identifier OMOP CDM Person Identifier,,DWARZEL,,,,ENGLISH,,NOTE,OMOP Table,,CDMH Phase I
6422441,1,Investigative Subject Identifier OMOP CDM Person Identifier,,DWARZEL,,,,ENGLISH,,OBSERVATION,OMOP Table,,CDMH Phase I
6369929,1,Observation Performed Study Activity Date and Time Range PCORnet CDM Vital Sign Measurement Time,,DWARZEL,,,,ENGLISH,,VITAL,PCORnet Table,,CDMH Phase I
6422996,1,Clinical Performed Observation Outcome Data ACT I2B2 CDM Lab Result Original Unit of Measure,,DWARZEL,,,,ENGLISH,,LABORATORY_TEST,ACT Table,,CDMH Phase I
6369891,1,Clinical Performed Observation Outcome Data PCORnet CDM Clinical Result Text,,DWARZEL,,,,ENGLISH,,OBSERVATIONS_CLINICAL_(OBS_CLIN),PCORnet Table,,CDMH Phase I
6333691,1,Medication Formulation Sentinel CDM Code,,DWARZEL,,,,ENGLISH,,INPATIENT_PHARMACY,Sentinel Table,,CDMH Phase I
6400744,1,Place Type Code ACT I2B2 CDM Laboratory Result Location Code,,DWARZEL,,,,ENGLISH,,LABORATORY_TEST,ACT Table,,CDMH Phase I
6369848,1,Protocol Agent Transfer Administration Performed Study Activity Identifier PCORnet CDM Dispense Identifier,,DWARZEL,,,,ENGLISH,,DISPENSING,PCORnet Table,,CDMH Phase I
6381638,1,Health Care Provider Identifier OMOP CDM National Provider Identifier,,DWARZEL,,,,ENGLISH,,PROVIDER,OMOP Table,,CDMH Phase I
6422451,1,Performed Encounter Information Source Type Code OMOP CDM Visit Type Concept Identifier,,DWARZEL,,,,ENGLISH,,VISIT_OCCURRENCE,OMOP Table,,CDMH Phase I
6333698,1,Pharmacologic Substance Product Material Code ACT I2B2 CDM Dose Form Code,,DWARZEL,,,,ENGLISH,,MEDICATION,ACT Table,,CDMH Phase I
6400729,1,Reference Object Outcome Data ACT I2B2 CDM Normal Range High Value,,DWARZEL,,,,ENGLISH,,LABORATORY_TEST,ACT Table,,CDMH Phase I
6421486,1,Observation Reuse Template Study Activity Name Code PCORnet CDM Lab Test Name,,DWARZEL,,,,ENGLISH,,LAB_RESULT,PCORnet Table,,CDMH Phase I
6421675,1,Performed Encounter Classification Code PCORnet CDM Diagnosis Related Group Version Code,,DWARZEL,,,,ENGLISH,,ENCOUNTER,PCORnet Table,,CDMH Phase I
6381632,1,Intervention or Procedure Reuse Template Study Activity Name Code OMOP CDM Procedure Concept Identifier,,DWARZEL,,,,ENGLISH,,PROCEDURE_OCCURRENCE,OMOP Table,,CDMH Phase I
6153919,1,Person Biological Entity Ethnic Group Code PCORnet CDM Hispanic Code,,DWARZEL,,,,ENGLISH,,DEMOGRAPHIC,PCORnet Table,,CDMH Phase I
6422458,1,Intervention or Procedure Performed Study Activity Information Source Type Code OMOP CDM Procedure Type Concept Identifier,,DWARZEL,,,,ENGLISH,,PROCEDURE_OCCURRENCE,OMOP Table,,CDMH Phase I
6379558,1,Intervention or Procedure Reuse Template Study Activity Name Code PCORnet CDM Procedure Terminology Type,,DWARZEL,,,,ENGLISH,,PROCEDURES,PCORnet Table,,CDMH Phase I
6369849,1,Pharmacologic Substance Product Material Code PCORnet CDM National Drug Code,,DWARZEL,,,,ENGLISH,,DISPENSING,PCORnet Table,,CDMH Phase I
6421669,1,Person Biological Entity Sexual Orientation Code PCORnet CDM Sexual Orientation Code,,DWARZEL,,,,ENGLISH,,DEMOGRAPHIC,PCORnet Table,,CDMH Phase I
6369893,1,Observation Performed Study Activity Identifier PCORnet CDM Clinical Observation Identifier,,DWARZEL,,,,ENGLISH,,OBSERVATIONS_CLINICAL_(OBS_CLIN),PCORnet Table,,CDMH Phase I
6422443,1,Medical Device Product Material Identifier OMOP CDM Unique Device Identifier,,DWARZEL,,,,ENGLISH,,DEVICE_EXPOSURE,OMOP Table,,CDMH Phase I
6369904,1,Protocol Agent Transfer Administration Performed Study Activity Standard Unit of Measure Quantity PCORnet CDM Prescription Ordered Quantity Value,,DWARZEL,,,,ENGLISH,,PRESCRIBING,PCORnet Table,,CDMH Phase I
6400748,1,Clinical Performed Observation Outcome Data ACT I2B2 CDM Laboratory Qualitative Result,,DWARZEL,,,,ENGLISH,,LABORATORY_TEST,ACT Table,,CDMH Phase I
6381585,1,Substance Administration Intervention or Procedure Performed Study Activity Date and Time Range OMOP CDM Device Exposure End Date,,DWARZEL,,,,ENGLISH,,DEVICE_EXPOSURE,OMOP Table,,CDMH Phase I
6153921,1,Person Biological Entity Ethnic Group Code ACT I2B2 CDM Hispanic Indicator,,DWARZEL,,,,ENGLISH,,DEMOGRAPHICS,ACT Table,,CDMH Phase I
6144640,1,Person Biological Entity Or Sex Gender Code OMOP CDM Gender Concept Identifier,,DWARZEL,,,,ENGLISH,,PERSON,OMOP Table,,CDMH Phase I
6385438,1,Reference Object Outcome Data Sentinel CDM Laboratory Result High Modifier Code,,DWARZEL,,,,ENGLISH,,LABORATORY_RESULTS,Sentinel Table,,CDMH Phase I
6400749,1,Clinical Performed Observation Outcome Data ACT I2B2 CDM Laboratory Result Standardized Unit of Measure,,DWARZEL,,,,ENGLISH,,LABORATORY_TEST,ACT Table,,CDMH Phase I
6400745,1,Clinical Performed Observation Outcome Data ACT I2B2 CDM Laboratory Result Modifier Code,,DWARZEL,,,,ENGLISH,,LABORATORY_TEST,ACT Table,,CDMH Phase I
6385383,1,Biologically-Derived Material Product Material Code Sentinel CDM Transfusion  Administration Code,,DWARZEL,,,,ENGLISH,,INPATIENT_TRANSFUSION,Sentinel Table,,CDMH Phase I
6365349,1,Performed Observation Outcome Data PCORnet CDM Death Cause Text,,DWARZEL,,,,ENGLISH,,DEATH_CAUSE,PCORnet Table,,CDMH Phase I
6385453,1,Clinical Performed Observation Outcome Data Sentinel CDM Laboratory Result Type,,DWARZEL,,,,ENGLISH,,LABORATORY_RESULTS,Sentinel Table,,CDMH Phase I
6421674,1,Performed Encounter Classification Code PCORnet CDM Diagnosis Related Group Code,,DWARZEL,,,,ENGLISH,,ENCOUNTER,PCORnet Table,,CDMH Phase I
6369861,1,Observation Reuse Template Study Activity Name Code PCORnet CDM Local Lab Procedure Code,,DWARZEL,,,,ENGLISH,,LAB_RESULT,PCORnet Table,,CDMH Phase I
6421696,1,Intervention or Procedure Performed Study Activity Priority Code PCORnet CDM Procedure Flag Code,,DWARZEL,,,,ENGLISH,,PROCEDURES,PCORnet Table,,CDMH Phase I
6369896,1,Health Care Provider Identifier PCORnet CDM General Observation Provider Identifier,,DWARZEL,,,,ENGLISH,,OBSERVATIONS_GENERAL_(OBS_GEN),PCORnet Table,,CDMH Phase I
6381579,1,Medical Condition Performed Observation Outcome Occurrence Date and Time Range OMOP CDM Condition Start Date,,DWARZEL,,,,ENGLISH,,CONDITION_OCCURRENCE,OMOP Table,,CDMH Phase I
6365381,1,Evaluation Observation Outcome Relationship Probability Code PCORnet CDM Death Cause Type,,DWARZEL,,,,ENGLISH,,DEATH_CAUSE,PCORnet Table,,CDMH Phase I
6422454,1,Observation Performed Study Activity Information Source Type Code OMOP CDM Measurement Type Concept Identifier,,DWARZEL,,,,ENGLISH,,MEASUREMENT,OMOP Table,,CDMH Phase I
6422465,1,Performed Specimen Collection Quantity OMOP CDM Specimen Quantity Unit Concept Identifier,,DWARZEL,,,,ENGLISH,,SPECIMEN,OMOP Table,,CDMH Phase I
6385423,1,"Administration, Management Performed Study Activity Date and Time Range Sentinel CDM Enrollment End Date",,DWARZEL,,,,ENGLISH,,ENROLLMENT,Sentinel Table,,CDMH Phase I
6385450,1,Observation Performed Study Activity Date and Time Range Sentinel CDM Laboratory Result Date,,DWARZEL,,,,ENGLISH,,LABORATORY_RESULTS,Sentinel Table,,CDMH Phase I
6423050,1,Diagnosis Performed Observation Outcome Present At Admission Code Sentinel CDM Admission Diagnosis Indicator,,DWARZEL,,,,ENGLISH,,LABORATORY_RESULTS,Sentinel Table,,CDMH Phase I
6369867,1,Reference Object Outcome Data PCORnet CDM Normal Range High Value,,DWARZEL,,,,ENGLISH,,LAB_RESULT,PCORnet Table,,CDMH Phase I
6381580,1,Medical Condition Performed Observation Outcome Occurrence Date and Time Range OMOP CDM Condition Start Date and Time,,DWARZEL,,,,ENGLISH,,CONDITION_OCCURRENCE,OMOP Table,,CDMH Phase I
6381596,1,Substance Administration Intervention or Procedure Performed Study Activity Date and Time Range OMOP CDM Drug Exposure Start Date and Time,,DWARZEL,,,,ENGLISH,,DRUG_EXPOSURE,OMOP Table,,CDMH Phase I
6422456,1,Performed Patient Note Title OMOP CDM Note Title Text,,DWARZEL,,,,ENGLISH,,NOTE,OMOP Table,,CDMH Phase I
6369851,1,Place Type Code PCORnet CDM Admitting Source Code,,DWARZEL,,,,ENGLISH,,ENCOUNTER,PCORnet Table,,CDMH Phase I
6385447,1,Place Type Code Sentinel CDM Laboratory Patient Location Code,,DWARZEL,,,,ENGLISH,,LABORATORY_RESULTS,Sentinel Table,,CDMH Phase I
6400741,1,Observation Reuse Template Study Activity Name Code ACT I2B2 CDM Laboratory Battery Local Code,,DWARZEL,,,,ENGLISH,,LABORATORY_TEST,ACT Table,,CDMH Phase I
6385466,1,Clinical Performed Observation Outcome Data Sentinel CDM Tobacco Smoking History Code,,DWARZEL,,,,ENGLISH,,VITAL_SIGNS,Sentinel Table,,CDMH Phase I
6369912,1,Clinical Interpretation Performed Observation Outcome Data PCORnet CDM Patient Reported Outcome Measure Score,,DWARZEL,,,,ENGLISH,,PATIENT_REPORTED_OUTCOMES_(PRO),PCORnet Table,,CDMH Phase I
6422449,1,Performed Encounter Date and Time Range OMOP CDM Visit Start Date,,DWARZEL,,,,ENGLISH,,VISIT_OCCURRENCE,OMOP Table,,CDMH Phase I
6369888,1,Health Care Provider Identifier PCORnet CDM Clinical Observation Provider Identifier,,DWARZEL,,,,ENGLISH,,OBSERVATIONS_CLINICAL_(OBS_CLIN),PCORnet Table,,CDMH Phase I
6381637,1,Person Biological Entity Or Sex Gender Code OMOP CDM Provider Gender Concept Identifier,,DWARZEL,,,,ENGLISH,,PROVIDER,OMOP Table,,CDMH Phase I
6365301,1,Medical Condition Performed Observation Outcome Report Date and Time PCORnet CDM Medical Condition Result Report Date,,DWARZEL,,,,ENGLISH,,CONDITION,PCORnet Table,,CDMH Phase I
6400723,1,Observation Reuse Template Study Activity Name Code ACT I2B2 CDM Laboratory Test Coding System Name,,DWARZEL,,,,ENGLISH,,LABORATORY_TEST,ACT Table,,CDMH Phase I
6369858,1,"Administration, Management Performed Study Activity Date and Time Range PCORnet CDM Enrollment Start Date",,DWARZEL,,,,ENGLISH,,ENROLLMENT,PCORnet Table,,CDMH Phase I
6333685,1,Substance Administration Intervention or Procedure Performed Study Activity Administration Route Code OMOP CDM Route of Administration Concept Identifier,,DWARZEL,,,,ENGLISH,,DRUG_EXPOSURE,OMOP Table,,CDMH Phase I
6369863,1,Observation Performed Study Activity Identifier PCORnet CDM Lab Result CM Identifier,,DWARZEL,,,,ENGLISH,,LAB_RESULT,PCORnet Table,,CDMH Phase I
6421520,1,Performed Encounter Identifier PCORnet CDM Encounter Identifier,,DWARZEL,,,,ENGLISH,,ENCOUNTER,PCORnet Table,,CDMH Phase I
6421520,1,Performed Encounter Identifier PCORnet CDM Encounter Identifier,,DWARZEL,,,,ENGLISH,,DIAGNOSIS,PCORnet Table,,CDMH Phase I
6421520,1,Performed Encounter Identifier PCORnet CDM Encounter Identifier,,DWARZEL,,,,ENGLISH,,CONDITION,PCORnet Table,,CDMH Phase I
6421520,1,Performed Encounter Identifier PCORnet CDM Encounter Identifier,,DWARZEL,,,,ENGLISH,,PRESCRIBING,PCORnet Table,,CDMH Phase I
6421520,1,Performed Encounter Identifier PCORnet CDM Encounter Identifier,,DWARZEL,,,,ENGLISH,,OBSERVATIONS_GENERAL_(OBS_GEN),PCORnet Table,,CDMH Phase I
6421520,1,Performed Encounter Identifier PCORnet CDM Encounter Identifier,,DWARZEL,,,,ENGLISH,,PROCEDURES,PCORnet Table,,CDMH Phase I
6421520,1,Performed Encounter Identifier PCORnet CDM Encounter Identifier,,DWARZEL,,,,ENGLISH,,VITAL,PCORnet Table,,CDMH Phase I
6421520,1,Performed Encounter Identifier PCORnet CDM Encounter Identifier,,DWARZEL,,,,ENGLISH,,LAB_RESULT,PCORnet Table,,CDMH Phase I
6421520,1,Performed Encounter Identifier PCORnet CDM Encounter Identifier,,DWARZEL,,,,ENGLISH,,MEDICATIONS_ADMINISTERED,PCORnet Table,,CDMH Phase I
6421520,1,Performed Encounter Identifier PCORnet CDM Encounter Identifier,,DWARZEL,,,,ENGLISH,,PATIENT_REPORTED_OUTCOMES_(PRO),PCORnet Table,,CDMH Phase I
6379543,1,Clinical Performed Observation Outcome Data PCORnet CDM Clinical Observation Result Unit of Measure,,DWARZEL,,,,ENGLISH,,OBSERVATIONS_CLINICAL_(OBS_CLIN),PCORnet Table,,CDMH Phase I
6365249,1,Health Care Provider Identifier PCORnet CDM Provider Identifier,,DWARZEL,,,,ENGLISH,,ENCOUNTER,PCORnet Table,,CDMH Phase I
6365249,1,Health Care Provider Identifier PCORnet CDM Provider Identifier,,DWARZEL,,,,ENGLISH,,DIAGNOSIS,PCORnet Table,,CDMH Phase I
6365249,1,Health Care Provider Identifier PCORnet CDM Provider Identifier,,DWARZEL,,,,ENGLISH,,PROCEDURES,PCORnet Table,,CDMH Phase I
6365249,1,Health Care Provider Identifier PCORnet CDM Provider Identifier,,DWARZEL,,,,ENGLISH,,PROVIDER,PCORnet Table,,CDMH Phase I
6381642,1,Diagnosis Performed Observation Outcome Diseases and Disorders Status Code OMOP CDM Disease Status Concept Identifier,,DWARZEL,,,,ENGLISH,,SPECIMEN,OMOP Table,,CDMH Phase I
6369921,1,Performed Observation Outcome Data PCORnet CDM Patient Reported Outcome Response Number,,DWARZEL,,,,ENGLISH,,PATIENT_REPORTED_OUTCOMES_(PRO),PCORnet Table,,CDMH Phase I
6369931,1,Clinical Performed Observation Outcome Data PCORnet CDM Systolic Value,,DWARZEL,,,,ENGLISH,,VITAL,PCORnet Table,,CDMH Phase I
6333699,1,Substance Administration Intervention or Procedure Performed Study Activity Administration Route Code ACT I2B2 CDM Route of Administration Code,,DWARZEL,,,,ENGLISH,,MEDICATION,ACT Table,,CDMH Phase I
6381628,1,Person Biological Entity Birth Date and Time OMOP CDM Day of Birth Number,,DWARZEL,,,,ENGLISH,,PERSON,OMOP Table,,CDMH Phase I
6381578,1,Observation Performed Study Activity Identifier OMOP CDM Condition Occurrence Identifier,,DWARZEL,,,,ENGLISH,,CONDITION_OCCURRENCE,OMOP Table,,CDMH Phase I
6385455,1,Clinical Performed Observation Outcome Data Sentinel CDM Laboratory Result Standardized Unit of Measure,,DWARZEL,,,,ENGLISH,,LABORATORY_RESULTS,Sentinel Table,,CDMH Phase I
6423063,1,Person Biological Entity Postal Address Sentinel CDM 5 Digit Zip Code,,DWARZEL,,,,ENGLISH,,DEMOGRAPHIC,Sentinel Table,,CDMH Phase I
6369856,1,Place Type Code PCORnet CDM Facility Location Name,,DWARZEL,,,,ENGLISH,,ENCOUNTER,PCORnet Table,,CDMH Phase I
6381592,1,Substance Administration Intervention or Procedure Performed Study Activity Date and Time Range OMOP CDM Drug Exposure End Date,,DWARZEL,,,,ENGLISH,,DRUG_EXPOSURE,OMOP Table,,CDMH Phase I
6379891,1,Observation Reuse Template Study Activity Name Code PCORnet CDM Patient Reported Outcome Measure Response Mode Code,,DWARZEL,,,,ENGLISH,,PATIENT_REPORTED_OUTCOMES_(PRO),PCORnet Table,,CDMH Phase I
6369918,1,Observation Performed Study Activity Repetition Number PCORnet CDM Patient Reported Outcome Item Sequence Number,,DWARZEL,,,,ENGLISH,,PATIENT_REPORTED_OUTCOMES_(PRO),PCORnet Table,,CDMH Phase I
6369885,1,Substance Administration Intervention or Procedure Performed Study Activity Identifier PCORnet CDM Medication Administration Identifier,,DWARZEL,,,,ENGLISH,,MEDICATIONS_ADMINISTERED,PCORnet Table,,CDMH Phase I
6369916,1,Observation Reuse Template Study Activity Name Code PCORnet CDM Patient Reported Outcome Measure Short Name,,DWARZEL,,,,ENGLISH,,PATIENT_REPORTED_OUTCOMES_(PRO),PCORnet Table,,CDMH Phase I
6423061,1,Observation Performed Study Activity Order Urgency Code Sentinel CDM Laboratory Test Priority Type,,DWARZEL,,,,ENGLISH,,LABORATORY_RESULTS,Sentinel Table,,CDMH Phase I
6369853,1,Performed Observation Outcome Data PCORnet CDM Discharge Status Code,,DWARZEL,,,,ENGLISH,,ENCOUNTER,PCORnet Table,,CDMH Phase I
6385405,1,Performed Observation Outcome Uncertain Code Sentinel CDM Death Cause Confidence Code,,DWARZEL,,,,ENGLISH,,CAUSE_OF_DEATH,Sentinel Table,,CDMH Phase I
6421687,1,Substance Administration Intervention or Procedure Performed Study Activity Order Date PCORnet CDM Prescription Order Date,,DWARZEL,,,,ENGLISH,,PRESCRIBING,PCORnet Table,,CDMH Phase I
6400726,1,Observation Reuse Template Study Activity Name Code ACT I2B2 CDM Laboratory Test Local Code,,DWARZEL,,,,ENGLISH,,LABORATORY_TEST,ACT Table,,CDMH Phase I
6385421,1,Institution Identifier Sentinel CDM Facility Identifier,,DWARZEL,,,,ENGLISH,,ENCOUNTER,Sentinel Table,,CDMH Phase I
6422440,1,Observation Performed Study Activity Information Source Type Code OMOP CDM Condition Type Concept Identifier,,DWARZEL,,,,ENGLISH,,CONDITION_OCCURRENCE,OMOP Table,,CDMH Phase I
6379539,1,Substance Administration Intervention or Procedure Performed Study Activity Product Dose PCORnet CDM Medication Administration Dose Unit of Measure,,DWARZEL,,,,ENGLISH,,MEDICATIONS_ADMINISTERED,PCORnet Table,,CDMH Phase I
6369870,1,Observation Performed Study Activity Date and Time Range PCORnet CDM Lab Result Date,,DWARZEL,,,,ENGLISH,,LAB_RESULT,PCORnet Table,,CDMH Phase I
6365366,1,Performed Observation Outcome Data PCORnet CDM Death Cause Terminology Type,,DWARZEL,,,,ENGLISH,,DEATH_CAUSE,PCORnet Table,,CDMH Phase I
6379544,1,Reuse Template Study Activity Name Code PCORnet CDM Clinical Observation Terminology Type,,DWARZEL,,,,ENGLISH,,OBSERVATIONS_CLINICAL_(OBS_CLIN),PCORnet Table,,CDMH Phase I
6369925,1,Intervention or Procedure Performed Study Activity Date and Time Range PCORnet CDM Procedure Date,,DWARZEL,,,,ENGLISH,,PROCEDURES,PCORnet Table,,CDMH Phase I
6381636,1,Health Care Provider Identifier OMOP CDM Provider DEA Number,,DWARZEL,,,,ENGLISH,,PROVIDER,OMOP Table,,CDMH Phase I
6385445,1,Reference Object Outcome Data Sentinel CDM Laboratory Result Normal Range Low Value,,DWARZEL,,,,ENGLISH,,LABORATORY_RESULTS,Sentinel Table,,CDMH Phase I
6385442,1,Observation Reuse Template Study Activity Name Code Sentinel CDM Laboratory Test Name,,DWARZEL,,,,ENGLISH,,LABORATORY_RESULTS,Sentinel Table,,CDMH Phase I
6369846,1,Substance Administration Intervention or Procedure Performed Study Activity Product Dose PCORnet CDM Dispense Dose Unit of Measure,,DWARZEL,,,,ENGLISH,,DISPENSING,PCORnet Table,,CDMH Phase I
6385464,1,Observation Performed Study Activity Body Position Code Sentinel CDM BP Body Position Code,,DWARZEL,,,,ENGLISH,,VITAL_SIGNS,Sentinel Table,,CDMH Phase I
6381635,1,Intervention or Procedure Performed Study Activity Identifier OMOP CDM Procedure Occurrence Identifier,,DWARZEL,,,,ENGLISH,,PROCEDURE_OCCURRENCE,OMOP Table,,CDMH Phase I
6381602,1,Substance Administration Intervention or Procedure Performed Study Activity Date and Time Range OMOP CDM Drug Exposure Verbatim End Date,,DWARZEL,,,,ENGLISH,,DRUG_EXPOSURE,OMOP Table,,CDMH Phase I
6093470,1,Person Biological Entity Race Code ACT I2B2 CDM Race Code,,DWARZEL,,,,ENGLISH,,DEMOGRAPHICS,ACT Table,,CDMH Phase I
6385416,1,Protocol Agent Transfer Administration Performed Study Activity Standard Unit of Measure Quantity Sentinel CDM Dispensing Quantity Count,,DWARZEL,,,,ENGLISH,,DISPENSING,Sentinel Table,,CDMH Phase I
6381591,1,Pharmacologic Substance Product Material Code OMOP CDM Drug Concept Identifier,,DWARZEL,,,,ENGLISH,,DRUG_EXPOSURE,OMOP Table,,CDMH Phase I
6381617,1,Observation Performed Study Activity Identifier OMOP CDM Note Identifier,,DWARZEL,,,,ENGLISH,,NOTE,OMOP Table,,CDMH Phase I
6400722,1,Observation Reuse Template Study Activity Name Code ACT I2B2 CDM Laboratory Test Classification System Name,,DWARZEL,,,,ENGLISH,,LABORATORY_TEST,ACT Table,,CDMH Phase I
6400758,1,Intervention or Procedure Reuse Template Study Activity Name Code ACT I2B2 CDM Procedure Code System Version Text,,DWARZEL,,,,ENGLISH,,PROCEDURE,ACT Table,,CDMH Phase I
6381577,1,Medical Condition Performed Observation Outcome Occurrence Date and Time Range OMOP CDM Condition End Date and Time,,DWARZEL,,,,ENGLISH,,CONDITION_OCCURRENCE,OMOP Table,,CDMH Phase I
6421676,1,Performed Observation Outcome Creation Date PCORnet CDM Patient Reported Outcome Response Date,,DWARZEL,,,,ENGLISH,,PATIENT_REPORTED_OUTCOMES_(PRO),PCORnet Table,,CDMH Phase I
6381581,1,Performed Observation Outcome Data OMOP CDM Cause Concept Identifier,,DWARZEL,,,,ENGLISH,,DEATH,OMOP Table,,CDMH Phase I
6385440,1,Clinical Performed Observation Outcome Data Sentinel CDM Laboratory Result Value,,DWARZEL,,,,ENGLISH,,LABORATORY_RESULTS,Sentinel Table,,CDMH Phase I
6385382,1,Substance Administration Intervention or Procedure Performed Study Activity Date and Time Range Sentinel CDM Transfusion Administration Start Date,,DWARZEL,,,,ENGLISH,,INPATIENT_TRANSFUSION,Sentinel Table,,CDMH Phase I
6379547,1,Clinical Performed Observation Outcome Data PCORnet CDM General Observation Result Unit of Measure,,DWARZEL,,,,ENGLISH,,OBSERVATIONS_GENERAL_(OBS_GEN),PCORnet Table,,CDMH Phase I
6385449,1,Observation Reuse Template Study Activity Name Code Sentinel CDM Laboratory Procedure Code Type,,DWARZEL,,,,ENGLISH,,LABORATORY_RESULTS,Sentinel Table,,CDMH Phase I
6385415,1,Pharmacologic Substance Product Material Code Sentinel CDM National Drug Code,,DWARZEL,,,,ENGLISH,,INPATIENT_PHARMACY,Sentinel Table,,CDMH Phase I
6385415,1,Pharmacologic Substance Product Material Code Sentinel CDM National Drug Code,,DWARZEL,,,,ENGLISH,,DISPENSING,Sentinel Table,,CDMH Phase I
6385437,1,Clinical Performed Observation Outcome Data Sentinel CDM Laboratory Result Modifier Code,,DWARZEL,,,,ENGLISH,,LABORATORY_RESULTS,Sentinel Table,,CDMH Phase I
6385413,1,Diagnosis Performed Observation Outcome Data Sentinel CDM Original Diagnosis Name,,DWARZEL,,,,ENGLISH,,DIAGNOSIS,Sentinel Table,,CDMH Phase I
6365746,1,Adverse Event Performed Observation Outcome Occurrence Date and Time Range PCORnet CDM Death Date,,DWARZEL,,,,ENGLISH,,DEATH,PCORnet Table,,CDMH Phase I
6422457,1,Performed Patient Note Title OMOP CDM Note Text,,DWARZEL,,,,ENGLISH,,NOTE,OMOP Table,,CDMH Phase I
6385420,1,Performed Observation Outcome Data Sentinel CDM Discharge Status Code,,DWARZEL,,,,ENGLISH,,ENCOUNTER,Sentinel Table,,CDMH Phase I
6400757,1,Intervention or Procedure Reuse Template Study Activity Name Code ACT I2B2 CDM Procedure Code,,DWARZEL,,,,ENGLISH,,PROCEDURE,ACT Table,,CDMH Phase I
6369900,1,Observation Performed Study Activity Identifier PCORnet CDM General Observation Identifier,,DWARZEL,,,,ENGLISH,,OBSERVATIONS_GENERAL_(OBS_GEN),PCORnet Table,,CDMH Phase I
6369892,1,Performed Study Activity Date and Time Range PCORnet CDM Clinical Observation Time,,DWARZEL,,,,ENGLISH,,OBSERVATIONS_CLINICAL_(OBS_CLIN),PCORnet Table,,CDMH Phase I
6421507,1,Observation Performed Study Activity Information Source Type Code PCORnet CDM Death Source Code,,DWARZEL,,,,ENGLISH,,DEATH,PCORnet Table,,CDMH Phase I
6400743,1,Clinical Performed Observation Outcome Data ACT I2B2 CDM Laboratory Result Original Value,,DWARZEL,,,,ENGLISH,,LABORATORY_TEST,ACT Table,,CDMH Phase I
6401604,1,"Administration, Management Performed Study Activity Date and Time Range PCORnet CDM Enrollment End Date",,DWARZEL,,,,ENGLISH,,ENROLLMENT,PCORnet Table,,CDMH Phase I
6422442,1,Observation Reuse Template Study Activity Subcategory Code OMOP CDM Note Type Concept Identifier,,DWARZEL,,,,ENGLISH,,NOTE,OMOP Table,,CDMH Phase I
6385381,1,Substance Administration Intervention or Procedure Performed Study Activity Date and Time Range Sentinel CDM Transfusion Administration End Date,,DWARZEL,,,,ENGLISH,,INPATIENT_TRANSFUSION,Sentinel Table,,CDMH Phase I
6381623,1,Performed Study Activity Date and Time Range OMOP CDM Observation Date and Time,,DWARZEL,,,,ENGLISH,,OBSERVATION,OMOP Table,,CDMH Phase I
6385428,1,Substance Administration Intervention or Procedure Performed Study Activity Identifier Sentinel CDM Prescription Adminstration Identifier,,DWARZEL,,,,ENGLISH,,INPATIENT_PHARMACY,Sentinel Table,,CDMH Phase I
6369923,1,Intervention or Procedure Performed Study Activity Identifier PCORnet CDM Procedure Identifier,,DWARZEL,,,,ENGLISH,,PROCEDURES,PCORnet Table,,CDMH Phase I
6369930,1,Clinical Performed Observation Outcome Data PCORnet CDM Original Body Mass Index Value,,DWARZEL,,,,ENGLISH,,VITAL,PCORnet Table,,CDMH Phase I
6379546,1,Clinical Performed Observation Outcome Data PCORnet CDM General Observation Qualitative Result,,DWARZEL,,,,ENGLISH,,OBSERVATIONS_GENERAL_(OBS_GEN),PCORnet Table,,CDMH Phase I
6385434,1,Biospecimen Collection Intervention or Procedure Performed Study Activity Date and Time Range Sentinel CDM Specimen Collected Time,,DWARZEL,,,,ENGLISH,,LABORATORY_RESULTS,Sentinel Table,,CDMH Phase I
6153920,1,Person Biological Entity Ethnic Group Code Sentinel CDM Hispanic Indicator,,DWARZEL,,,,ENGLISH,,DEMOGRAPHIC,Sentinel Table,,CDMH Phase I
6369887,1,Performed Study Activity Date and Time Range PCORnet CDM Clinical Observation Date,,DWARZEL,,,,ENGLISH,,OBSERVATIONS_CLINICAL_(OBS_CLIN),PCORnet Table,,CDMH Phase I
6422452,1,Medical Condition Performed Observation Outcome Condition Status Change Reason OMOP CDM Condition Stop Reason,,DWARZEL,,,,ENGLISH,,CONDITION_OCCURRENCE,OMOP Table,,CDMH Phase I
6381599,1,Substance Administration Intervention or Procedure Performed Study Activity Product Dose OMOP CDM Dose Quantity Float,,DWARZEL,,,,ENGLISH,,DRUG_EXPOSURE,OMOP Table,,CDMH Phase I
6422463,1,Performed Specimen Collection Information Source Type Code OMOP CDM Specimen Type Concept Identifier,,DWARZEL,,,,ENGLISH,,SPECIMEN,OMOP Table,,CDMH Phase I
6385429,1,Substance Administration Intervention or Procedure Performed Study Activity Product Dose Sentinel CDM Prescription Administration Dose Unit of Measure,,DWARZEL,,,,ENGLISH,,INPATIENT_PHARMACY,Sentinel Table,,CDMH Phase I
6381625,1,Clinical Performed Observation Outcome Data OMOP CDM Result Number Float,,DWARZEL,,,,ENGLISH,,MEASUREMENT,OMOP Table,,CDMH Phase I
6381625,1,Clinical Performed Observation Outcome Data OMOP CDM Result Number Float,,DWARZEL,,,,ENGLISH,,OBSERVATION,OMOP Table,,CDMH Phase I
6385390,1,Substance Administration Intervention or Procedure Performed Study Activity Date and Time Range Sentinel CDM Transfusion Administration Start Time,,DWARZEL,,,,ENGLISH,,INPATIENT_TRANSFUSION,Sentinel Table,,CDMH Phase I
6423055,1,Performed Encounter Date and Time Range Sentinel CDM Encounter or Admission Date,,DWARZEL,,,,ENGLISH,,PROCEDURE,Sentinel Table,,CDMH Phase I
6423055,1,Performed Encounter Date and Time Range Sentinel CDM Encounter or Admission Date,,DWARZEL,,,,ENGLISH,,ENCOUNTER,Sentinel Table,,CDMH Phase I
6423055,1,Performed Encounter Date and Time Range Sentinel CDM Encounter or Admission Date,,DWARZEL,,,,ENGLISH,,DIAGNOSIS,Sentinel Table,,CDMH Phase I
6369932,1,Observation Performed Study Activity Identifier PCORnet CDM Vital Sign Identifier,,DWARZEL,,,,ENGLISH,,VITAL,PCORnet Table,,CDMH Phase I
6385392,1,Performed Observation Outcome Data Sentinel CDM Cause of Death Code Type,,DWARZEL,,,,ENGLISH,,CAUSE_OF_DEATH,Sentinel Table,,CDMH Phase I
6385458,1,Intervention or Procedure Reuse Template Study Activity Name Code Sentinel CDM Procedure Code Type,,DWARZEL,,,,ENGLISH,,PROCEDURE,Sentinel Table,,CDMH Phase I
6381634,1,Intervention or Procedure Performed Study Activity Date and Time Range OMOP CDM Procedure Date and Time,,DWARZEL,,,,ENGLISH,,PROCEDURE_OCCURRENCE,OMOP Table,,CDMH Phase I
6333692,1,Substance Administration Intervention or Procedure Performed Study Activity Administration Route Code Sentinel CDM Route of Administration Text,,DWARZEL,,,,ENGLISH,,INPATIENT_PHARMACY,Sentinel Table,,CDMH Phase I
6400708,1,Clinical Performed Observation Outcome Reference Object Range Comparison Code ACT I2B2 CDM Laboratory Abnormal Result Indicator Code,,DWARZEL,,,,ENGLISH,,LABORATORY_TEST,ACT Table,,CDMH Phase I
6153918,1,Person Biological Entity Ethnic Group Code OMOP CDM Ethnicity Concept Identifier,,DWARZEL,,,,ENGLISH,,PERSON,OMOP Table,,CDMH Phase I
6421490,1,Clinical Performed Observation Outcome Data PCORnet CDM Lab Result Value,,DWARZEL,,,,ENGLISH,,LAB_RESULT,PCORnet Table,,CDMH Phase I
6385439,1,Clinical Performed Observation Outcome Data Sentinel CDM Laboratory Qualitative Result,,DWARZEL,,,,ENGLISH,,LABORATORY_RESULTS,Sentinel Table,,CDMH Phase I
6385459,1,Observation Performed Study Activity Method Code Sentinel CDM Blood Pressure Type,,DWARZEL,,,,ENGLISH,,VITAL_SIGNS,Sentinel Table,,CDMH Phase I
6369852,1,Place Type Code PCORnet CDM Discharge Vital Status Code,,DWARZEL,,,,ENGLISH,,ENCOUNTER,PCORnet Table,,CDMH Phase I
6365250,1,Medical Condition Performed Observation Outcome Data PCORnet CDM Medical Condition Code,,DWARZEL,,,,ENGLISH,,CONDITION,PCORnet Table,,CDMH Phase I
6365368,1,Performed Observation Outcome Uncertain Code PCORnet CDM Death Cause Confidence Code,,DWARZEL,,,,ENGLISH,,DEATH_CAUSE,PCORnet Table,,CDMH Phase I
6365713,1,Observation Performed Study Activity Identifier PCORnet CDM Diagnosis Identifier,,DWARZEL,,,,ENGLISH,,DIAGNOSIS,PCORnet Table,,CDMH Phase I
6422444,1,Health Care Provider Role Code OMOP CDM Provider Specialty Concept Identifier,,DWARZEL,,,,ENGLISH,,PROVIDER,OMOP Table,,CDMH Phase I
6369903,1,Health Care Provider Identifier PCORnet CDM Prescription Provider Identifier,,DWARZEL,,,,ENGLISH,,PRESCRIBING,PCORnet Table,,CDMH Phase I
6423056,1,Performed Encounter Date and Time Range Sentinel CDM Discharge Date,,DWARZEL,,,,ENGLISH,,ENCOUNTER,Sentinel Table,,CDMH Phase I
6381594,1,Substance Administration Intervention or Procedure Performed Study Activity Identifier OMOP CDM Drug Exposure Identifier,,DWARZEL,,,,ENGLISH,,DRUG_EXPOSURE,OMOP Table,,CDMH Phase I
6400751,1,Pharmacologic Substance Product Material Code ACT I2B2 CDM Medication Classification System Name,,DWARZEL,,,,ENGLISH,,MEDICATION,ACT Table,,CDMH Phase I
6369919,1,Performed Observation Outcome Data PCORnet CDM Patient Reported Outcome Measure Standard Error Range,,DWARZEL,,,,ENGLISH,,PATIENT_REPORTED_OUTCOMES_(PRO),PCORnet Table,,CDMH Phase I
6369877,1,Biospecimen Collection Intervention or Procedure Performed Study Activity Date and Time Range PCORnet CDM Specimen Collection Time,,DWARZEL,,,,ENGLISH,,LAB_RESULT,PCORnet Table,,CDMH Phase I
6385426,1,Substance Administration Intervention or Procedure Performed Study Activity Date and Time Range Sentinel CDM Prescription Administration Time,,DWARZEL,,,,ENGLISH,,INPATIENT_PHARMACY,Sentinel Table,,CDMH Phase I
6421692,1,Observation Performed Study Activity Timepoint Code PCORnet CDM Diagnosis Source Code,,DWARZEL,,,,ENGLISH,,DIAGNOSIS,PCORnet Table,,CDMH Phase I
6369889,1,Clinical Performed Observation Outcome Data PCORnet CDM Clinical Observation Result Value,,DWARZEL,,,,ENGLISH,,OBSERVATIONS_CLINICAL_(OBS_CLIN),PCORnet Table,,CDMH Phase I
6365400,1,Person Biological Entity Birth Date and Time PCORnet CDM Birth Time,,DWARZEL,,,,ENGLISH,,DEMOGRAPHIC,PCORnet Table,,CDMH Phase I
6385452,1,Observation Performed Study Activity Date and Time Range Sentinel CDM Laboratory Result Time,,DWARZEL,,,,ENGLISH,,LABORATORY_RESULTS,Sentinel Table,,CDMH Phase I
6400750,1,Biospecimen Collection Intervention or Procedure Performed Study Activity Date and Time Range ACT I2B2 CDM Specimen Collection Date and Time,,DWARZEL,,,,ENGLISH,,LABORATORY_TEST,ACT Table,,CDMH Phase I
6400707,1,Diagnosis Performed Observation Outcome Report Date and Time ACT I2B2 CDM Diagnosis Date and Time,,DWARZEL,,,,ENGLISH,,DIAGNOSIS,ACT Table,,CDMH Phase I
6369882,1,Substance Administration Intervention or Procedure Performed Study Activity Date and Time Range PCORnet CDM Medication Administration Start Time,,DWARZEL,,,,ENGLISH,,MEDICATIONS_ADMINISTERED,PCORnet Table,,CDMH Phase I
6422447,1,Performed Encounter Date and Time Range OMOP CDM Visit End Date,,DWARZEL,,,,ENGLISH,,VISIT_OCCURRENCE,OMOP Table,,CDMH Phase I
6423060,1,Observation Performed Study Activity Order Date and Time Sentinel CDM Laboratory Test Order Date,,DWARZEL,,,,ENGLISH,,LABORATORY_RESULTS,Sentinel Table,,CDMH Phase I
6369862,1,Observation Reuse Template Study Activity Name Code PCORnet CDM Lab Procedure Terminology Type,,DWARZEL,,,,ENGLISH,,LAB_RESULT,PCORnet Table,,CDMH Phase I
6379548,1,Reuse Template Study Activity Name Code PCORnet CDM General Observation Terminology Type,,DWARZEL,,,,ENGLISH,,OBSERVATIONS_GENERAL_(OBS_GEN),PCORnet Table,,CDMH Phase I
6379545,1,Clinical Performed Observation Outcome Data PCORnet CDM General Observation Result Modifier Code,,DWARZEL,,,,ENGLISH,,OBSERVATIONS_GENERAL_(OBS_GEN),PCORnet Table,,CDMH Phase I
6422462,1,Intervention or Procedure Performed Study Activity Integer Count OMOP CDM Procedure Quantity Value,,DWARZEL,,,,ENGLISH,,PROCEDURE_OCCURRENCE,OMOP Table,,CDMH Phase I
6400706,1,Diagnosis Performed Observation Outcome Data ACT I2B2 CDM Diagnosis Code System Version Text,,DWARZEL,,,,ENGLISH,,DIAGNOSIS,ACT Table,,CDMH Phase I
6385414,1,Health Care Provider Identifier Sentinel CDM Provider Identifier,,DWARZEL,,,,ENGLISH,,PROCEDURE,Sentinel Table,,CDMH Phase I
6385414,1,Health Care Provider Identifier Sentinel CDM Provider Identifier,,DWARZEL,,,,ENGLISH,,ENCOUNTER,Sentinel Table,,CDMH Phase I
6385414,1,Health Care Provider Identifier Sentinel CDM Provider Identifier,,DWARZEL,,,,ENGLISH,,DIAGNOSIS,Sentinel Table,,CDMH Phase I
6381609,1,Observation Reuse Template Study Activity Name Code OMOP CDM Measurement Source Value,,DWARZEL,,,,ENGLISH,,MEASUREMENT,OMOP Table,,CDMH Phase I
6381646,1,Place Type Code OMOP CDM Admitting Source Concept Identifier,,DWARZEL,,,,ENGLISH,,VISIT_OCCURRENCE,OMOP Table,,CDMH Phase I
6385444,1,Reference Object Outcome Data Sentinel CDM Laboratory Result Normal Range High Value,,DWARZEL,,,,ENGLISH,,LABORATORY_RESULTS,Sentinel Table,,CDMH Phase I
6381607,1,Observation Performed Study Activity Date and Time Range OMOP CDM Measurement Date and Time,,DWARZEL,,,,ENGLISH,,MEASUREMENT,OMOP Table,,CDMH Phase I
6422467,1,"Protocol Agent Transfer Administration, Management Performed Study Activity Ordered Repeats OMOP CDM Refill Number",,DWARZEL,,,,ENGLISH,,DRUG_EXPOSURE,OMOP Table,,CDMH Phase I
6381612,1,Reference Object Outcome Data OMOP CDM Measurement High Range Float,,DWARZEL,,,,ENGLISH,,MEASUREMENT,OMOP Table,,CDMH Phase I
6381608,1,Observation Performed Study Activity Identifier OMOP CDM Measurement Identifier,,DWARZEL,,,,ENGLISH,,MEASUREMENT,OMOP Table,,CDMH Phase I
6381624,1,Observation Performed Study Activity Identifier OMOP CDM Observation Identifier,,DWARZEL,,,,ENGLISH,,OBSERVATION,OMOP Table,,CDMH Phase I
6385457,1,Intervention or Procedure Reuse Template Study Activity Name Code Sentinel CDM Procedure Code,,DWARZEL,,,,ENGLISH,,PROCEDURE,Sentinel Table,,CDMH Phase I
6381582,1,Adverse Event Performed Observation Outcome Occurrence Date and Time Range OMOP CDM Death Date,,DWARZEL,,,,ENGLISH,,DEATH,OMOP Table,,CDMH Phase I
6369878,1,Pharmacologic Substance Product Material Code PCORnet CDM Medication Administration Code,,DWARZEL,,,,ENGLISH,,MEDICATIONS_ADMINISTERED,PCORnet Table,,CDMH Phase I
6385404,1,Performed Observation Outcome Data Sentinel CDM Death Cause Code,,DWARZEL,,,,ENGLISH,,CAUSE_OF_DEATH,Sentinel Table,,CDMH Phase I
6400756,1,Intervention or Procedure Reuse Template Study Activity Name Code ACT I2B2 CDM Procedure Code System Name,,DWARZEL,,,,ENGLISH,,PROCEDURE,ACT Table,,CDMH Phase I
6365382,1,Person Biological Entity Birth Date and Time PCORnet CDM Birth Date,,DWARZEL,,,,ENGLISH,,DEMOGRAPHIC,PCORnet Table,,CDMH Phase I
6365770,1,Adverse Event Performed Observation Outcome Uncertain Code PCORnet CDM Death Match Confidence Code,,DWARZEL,,,,ENGLISH,,DEATH,PCORnet Table,,CDMH Phase I
6381575,1,Medical Condition Performed Observation Outcome Data OMOP CDM Condition Concept Identifier,,DWARZEL,,,,ENGLISH,,CONDITION_OCCURRENCE,OMOP Table,,CDMH Phase I
6365278,1,Medical Condition Performed Observation Outcome Data PCORnet CDM Medical Condition Code Type,,DWARZEL,,,,ENGLISH,,CONDITION,PCORnet Table,,CDMH Phase I
6369855,1,Place Physical Address PCORnet CDM Facility Location Name,,DWARZEL,,,,ENGLISH,,ENCOUNTER,PCORnet Table,,CDMH Phase I
6421673,1,Performed Encounter Date and Time Range PCORnet CDM Discharge Time,,DWARZEL,,,,ENGLISH,,ENCOUNTER,PCORnet Table,,CDMH Phase I
6369875,1,Observation Performed Study Activity Date and Time Range PCORnet CDM Lab Result Time,,DWARZEL,,,,ENGLISH,,LAB_RESULT,PCORnet Table,,CDMH Phase I
6381644,1,Biospecimen Collection Intervention or Procedure Performed Study Activity Date and Time Range OMOP CDM Specimen Date,,DWARZEL,,,,ENGLISH,,SPECIMEN,OMOP Table,,CDMH Phase I
6369911,1,Observation Reuse Template Study Activity Name Code PCORnet CDM Patient Reported Outcome Text,,DWARZEL,,,,ENGLISH,,PATIENT_REPORTED_OUTCOMES_(PRO),PCORnet Table,,CDMH Phase I
6381621,1,Observation Reuse Template Study Activity Name Code OMOP CDM Observation Concept Identifier,,DWARZEL,,,,ENGLISH,,OBSERVATION,OMOP Table,,CDMH Phase I
6422468,1,Substance Administration Intervention or Procedure Performed Study Activity Information Source Type Code OMOP CDM Device Type Concept Identifier,,DWARZEL,,,,ENGLISH,,DEVICE_EXPOSURE,OMOP Table,,CDMH Phase I
6369843,1,Protocol Agent Transfer Administration Performed Study Activity Standard Unit of Measure Quantity PCORnet CDM Dispense Amount Count,,DWARZEL,,,,ENGLISH,,DISPENSING,PCORnet Table,,CDMH Phase I
6381587,1,Substance Administration Intervention or Procedure Performed Study Activity Identifier OMOP CDM Device Exposure Identifier,,DWARZEL,,,,ENGLISH,,DEVICE_EXPOSURE,OMOP Table,,CDMH Phase I
6385422,1,Place Physical Address Sentinel CDM Facility Location Zip Code,,DWARZEL,,,,ENGLISH,,ENCOUNTER,Sentinel Table,,CDMH Phase I
6423051,1,Diagnosis Performed Observation Outcome Priority at Discharge Code Sentinel CDM Principal Discharge Diagnosis Code,,DWARZEL,,,,ENGLISH,,DIAGNOSIS,Sentinel Table,,CDMH Phase I
6422455,1,Observation Performed Study Activity Information Source Type Code OMOP CDM Observation Type Concept Identifier,,DWARZEL,,,,ENGLISH,,OBSERVATION,OMOP Table,,CDMH Phase I
6422446,1,"Administration, Management Performed Study Activity Information Source Type Code OMOP CDM Observation Period Type Concept Identifier",,DWARZEL,,,,ENGLISH,,OBSERVATION_PERIOD,OMOP Table,,CDMH Phase I
6369933,1,Clinical Performed Observation Outcome Data PCORnet CDM Weight Value,,DWARZEL,,,,ENGLISH,,VITAL,PCORnet Table,,CDMH Phase I
6421671,1,Performed Encounter Date and Time Range PCORnet CDM Admission Time,,DWARZEL,,,,ENGLISH,,ENCOUNTER,PCORnet Table,,CDMH Phase I
6369890,1,Clinical Performed Observation Outcome Data PCORnet CDM Clinical Result SNOMED CT Code,,DWARZEL,,,,ENGLISH,,OBSERVATIONS_CLINICAL_(OBS_CLIN),PCORnet Table,,CDMH Phase I
6369897,1,Clinical Performed Observation Outcome Data PCORnet CDM General Observation Result Value,,DWARZEL,,,,ENGLISH,,OBSERVATIONS_GENERAL_(OBS_GEN),PCORnet Table,,CDMH Phase I
6381586,1,Substance Administration Intervention or Procedure Performed Study Activity Date and Time Range OMOP CDM Device Exposure End Date and Time,,DWARZEL,,,,ENGLISH,,DEVICE_EXPOSURE,OMOP Table,,CDMH Phase I
6369873,1,Clinical Performed Observation Outcome Data PCORnet CDM Lab Qualitative Result,,DWARZEL,,,,ENGLISH,,LAB_RESULT,PCORnet Table,,CDMH Phase I
6400727,1,Reference Object Outcome Data ACT I2B2 CDM Laboratory Result High Modifier Code,,DWARZEL,,,,ENGLISH,,LABORATORY_TEST,ACT Table,,CDMH Phase I
6381597,1,Pharmacologic Substance Product Material Code OMOP CDM Drug Source Value,,DWARZEL,,,,ENGLISH,,DRUG_EXPOSURE,OMOP Table,,CDMH Phase I
6385461,1,Clinical Performed Observation Outcome Data Sentinel CDM Height Value,,DWARZEL,,,,ENGLISH,,VITAL_SIGNS,Sentinel Table,,CDMH Phase I
6379541,1,Clinical Performed Observation Outcome Data PCORnet CDM Clinical Observation Qualitative Result,,DWARZEL,,,,ENGLISH,,OBSERVATIONS_CLINICAL_(OBS_CLIN),PCORnet Table,,CDMH Phase I
6385418,1,Place Type Code Sentinel CDM Admitting Source Code,,DWARZEL,,,,ENGLISH,,ENCOUNTER,Sentinel Table,,CDMH Phase I
6381604,1,Observation Performed Study Activity Date and Time Range OMOP CDM Measurement Date,,DWARZEL,,,,ENGLISH,,MEASUREMENT,OMOP Table,,CDMH Phase I
6369926,1,Clinical Performed Observation Outcome Data PCORnet CDM Diastolic Value,,DWARZEL,,,,ENGLISH,,VITAL,PCORnet Table,,CDMH Phase I
6369898,1,Clinical Performed Observation Outcome Data PCORnet CDM General Result Text,,DWARZEL,,,,ENGLISH,,OBSERVATIONS_GENERAL_(OBS_GEN),PCORnet Table,,CDMH Phase I
6379540,1,Pharmacologic Substance Product Material Code PCORnet CDM Medication Administration Drug Terminology Type,,DWARZEL,,,,ENGLISH,,MEDICATIONS_ADMINISTERED,PCORnet Table,,CDMH Phase I
6093452,1,Person Biological Entity Race Code PCORnet CDM Race Code,,DWARZEL,,,,ENGLISH,,DEMOGRAPHIC,PCORnet Table,,CDMH Phase I
6380321,1,Substance Administration Intervention or Procedure Performed Study Activity Administration Route Code PCORnet CDM Medication Administration Route of Administration Code,,DWARZEL,,,,ENGLISH,,MEDICATIONS_ADMINISTERED,PCORnet Table,,CDMH Phase I
6379881,1,Observation Performed Study Activity Method Code PCORnet CDM Patient Reported Outcome Measure CAT Indicator,,DWARZEL,,,,ENGLISH,,PATIENT_REPORTED_OUTCOMES_(PRO),PCORnet Table,,CDMH Phase I
6381648,1,Subject Activity Group Reuse Template Study Activity Name Code OMOP CDM Visit Concept Identifier,,DWARZEL,,,,ENGLISH,,VISIT_OCCURRENCE,OMOP Table,,CDMH Phase I
6369895,1,Observation Performed Study Activity Date and Time Range PCORnet CDM General Observation Date,,DWARZEL,,,,ENGLISH,,OBSERVATIONS_GENERAL_(OBS_GEN),PCORnet Table,,CDMH Phase I
6400724,1,Observation Reuse Template Study Activity Name Code ACT I2B2 CDM Laboratory Test Code,,DWARZEL,,,,ENGLISH,,LABORATORY_TEST,ACT Table,,CDMH Phase I
6369920,1,Performed Observation Outcome Data PCORnet CDM Patient Reported Outcome Measure Theta Value,,DWARZEL,,,,ENGLISH,,PATIENT_REPORTED_OUTCOMES_(PRO),PCORnet Table,,CDMH Phase I
6385454,1,Biospecimen Collection Intervention or Procedure Performed Study Activity Method Code Sentinel CDM Laboratory Specimen Source,,DWARZEL,,,,ENGLISH,,LABORATORY_RESULTS,Sentinel Table,,CDMH Phase I
6381600,1,Substance Administration Intervention or Procedure Performed Study Activity Product Dose Description OMOP CDM Prescription Direction Text,,DWARZEL,,,,ENGLISH,,DRUG_EXPOSURE,OMOP Table,,CDMH Phase I
6144639,1,Person Biological Entity Or Sex Gender Code PCORnet CDM Sex Code,,DWARZEL,,,,ENGLISH,,DEMOGRAPHIC,PCORnet Table,,CDMH Phase I
6381571,1,Clinical Performed Observation Outcome Data OMOP CDM Measurement Value as Concept Identifier,,DWARZEL,,,,ENGLISH,,MEASUREMENT,OMOP Table,,CDMH Phase I
6381571,1,Clinical Performed Observation Outcome Data OMOP CDM Measurement Value as Concept Identifier,,DWARZEL,,,,ENGLISH,,OBSERVATION,OMOP Table,,CDMH Phase I
6379555,1,Observation Reuse Template Study Activity Name Code PCORnet CDM Patient Reported Measure Terminology Type,,DWARZEL,,,,ENGLISH,,PATIENT_REPORTED_OUTCOMES_(PRO),PCORnet Table,,CDMH Phase I
6093480,1,Person Biological Entity Race Code Sentinel CDM Race Code,,DWARZEL,,,,ENGLISH,,DEMOGRAPHIC,Sentinel Table,,CDMH Phase I
6369899,1,Observation Performed Study Activity Date and Time Range PCORnet CDM General Observation Time,,DWARZEL,,,,ENGLISH,,OBSERVATIONS_GENERAL_(OBS_GEN),PCORnet Table,,CDMH Phase I
6381618,1,"Administration, Management Performed Study Activity Date and Time Range OMOP CDM Observation Period End Date",,DWARZEL,,,,ENGLISH,,OBSERVATION_PERIOD,OMOP Table,,CDMH Phase I
6369847,1,Substance Administration Intervention or Procedure Performed Study Activity Administration Route Code PCORnet CDM Dispense Route of Administration Code,,DWARZEL,,,,ENGLISH,,DISPENSING,PCORnet Table,,CDMH Phase I
6369864,1,Reference Object Outcome Data PCORnet CDM Lab Result Modifier High Code,,DWARZEL,,,,ENGLISH,,LAB_RESULT,PCORnet Table,,CDMH Phase I
6385436,1,Observation Reuse Template Study Activity Name Code Sentinel CDM Laboratory Test LOINC Code,,DWARZEL,,,,ENGLISH,,LABORATORY_RESULTS,Sentinel Table,,CDMH Phase I
6400703,1,Person Biological Entity Death Flag ACT I2B2 CDM Death Code,,DWARZEL,,,,ENGLISH,,DEMOGRAPHICS,ACT Table,,CDMH Phase I
6421513,1,Medical Condition Performed Observation Outcome Condition Status Code PCORnet CDM Medical Condition Status Code,,DWARZEL,,,,ENGLISH,,CONDITION,PCORnet Table,,CDMH Phase I
6379896,1,Observation Performed Study Activity Method Code PCORnet CDM Discharge Vital Status Source Code,,DWARZEL,,,,ENGLISH,,VITAL,PCORnet Table,,CDMH Phase I
6381568,1,Institution Identifier OMOP CDM Care Site Identifier,,DWARZEL,,,,ENGLISH,,PROVIDER,OMOP Table,,CDMH Phase I
6381568,1,Institution Identifier OMOP CDM Care Site Identifier,,DWARZEL,,,,ENGLISH,,PERSON,OMOP Table,,CDMH Phase I
6381568,1,Institution Identifier OMOP CDM Care Site Identifier,,DWARZEL,,,,ENGLISH,,VISIT_OCCURRENCE,OMOP Table,,CDMH Phase I
6381568,1,Institution Identifier OMOP CDM Care Site Identifier,,DWARZEL,,,,ENGLISH,,CARE_SITE,OMOP Table,,CDMH Phase I
6369879,1,Substance Administration Intervention or Procedure Performed Study Activity Product Dose PCORnet CDM Medication Administered Dose Value,,DWARZEL,,,,ENGLISH,,MEDICATIONS_ADMINISTERED,PCORnet Table,,CDMH Phase I
6369894,1,Reuse Template Study Activity Name Code PCORnet CDM General Observation  Code,,DWARZEL,,,,ENGLISH,,OBSERVATIONS_GENERAL_(OBS_GEN),PCORnet Table,,CDMH Phase I
6369886,1,Observation Reuse Template Study Activity Name Code PCORnet CDM Clinical Observation  Code,,DWARZEL,,,,ENGLISH,,OBSERVATIONS_CLINICAL_(OBS_CLIN),PCORnet Table,,CDMH Phase I
6369880,1,Health Care Provider Identifier PCORnet CDM Medication Administration Provider Identifier,,DWARZEL,,,,ENGLISH,,MEDICATIONS_ADMINISTERED,PCORnet Table,,CDMH Phase I
6385443,1,Observation Reuse Template Study Activity Category Code Sentinel CDM Laboratory Test Subcategory Name,,DWARZEL,,,,ENGLISH,,LABORATORY_RESULTS,Sentinel Table,,CDMH Phase I
6379893,1,Clinical Performed Observation Outcome Data PCORnet CDM Smoking History Code,,DWARZEL,,,,ENGLISH,,VITAL,PCORnet Table,,CDMH Phase I
6369884,1,Substance Administration Intervention or Procedure Performed Study Activity Date and Time Range PCORnet CDM Medication Administration Stop Time,,DWARZEL,,,,ENGLISH,,MEDICATIONS_ADMINISTERED,PCORnet Table,,CDMH Phase I
6369928,1,Observation Performed Study Activity Date and Time Range PCORnet CDM Vital Sign Measurement Date,,DWARZEL,,,,ENGLISH,,VITAL,PCORnet Table,,CDMH Phase I
6333690,1,Subject Activity Group Reuse Template Study Activity Name Code Sentinel CDM Encounter Type,,DWARZEL,,,,ENGLISH,,ENCOUNTER,Sentinel Table,,CDMH Phase I
6381601,1,Substance Administration Intervention or Procedure Performed Study Activity Dose Change Reason OMOP CDM Drug Stop Reason,,DWARZEL,,,,ENGLISH,,DRUG_EXPOSURE,OMOP Table,,CDMH Phase I
6422439,1,Medical Condition Performed Observation Outcome Condition Status Code OMOP CDM Condition Status Concept Identifier,,DWARZEL,,,,ENGLISH,,CONDITION_OCCURRENCE,OMOP Table,,CDMH Phase I
6385386,1,Substance Administration Intervention or Procedure Performed Study Activity Date and Time Range Sentinel CDM Transfusion Administration End Time,,DWARZEL,,,,ENGLISH,,INPATIENT_TRANSFUSION,Sentinel Table,,CDMH Phase I
6422453,1,Observation Performed Study Activity Information Source Type Code OMOP CDM Death Type Concept Identifier,,DWARZEL,,,,ENGLISH,,DEATH,OMOP Table,,CDMH Phase I
6421695,1,Observation Performed Study Activity Order Urgency Code PCORnet CDM Lab Test Priority Type,,DWARZEL,,,,ENGLISH,,LAB_RESULT,PCORnet Table,,CDMH Phase I
6333687,1,Protocol Agent Transfer Administration Performed Study Activity Standard Unit of Measure Quantity PCORnet CDM Prescription Dose Form Code,,DWARZEL,,,,ENGLISH,,PRESCRIBING,PCORnet Table,,CDMH Phase I
6369868,1,Observation Reuse Template Study Activity Name Code PCORnet CDM Local Lab Test Name,,DWARZEL,,,,ENGLISH,,LAB_RESULT,PCORnet Table,,CDMH Phase I
6333680,1,Substance Administration Intervention or Procedure Performed Study Activity Administration Route Code SNOMED CT Route Codes,,DWARZEL,,,,ENGLISH,,DRUG,,,CDMH Phase I
6381574,1,Or Consortium or Network Professional Organization or Group Type Code OMOP CDM Place of Service Concept Identifier,,DWARZEL,,,,ENGLISH,,CARE_SITE,OMOP Table,,CDMH Phase I
6400715,1,Observation Reuse Template Study Activity Name Code ACT I2B2 CDM Laboratory Test Classification System Version Text,,DWARZEL,,,,ENGLISH,,LABORATORY_TEST,ACT Table,,CDMH Phase I
6369860,1,Observation Reuse Template Study Activity Name Code PCORnet CDM Lab LOINC Code,,DWARZEL,,,,ENGLISH,,LAB_RESULT,PCORnet Table,,CDMH Phase I
6369883,1,Substance Administration Intervention or Procedure Performed Study Activity Date and Time Range PCORnet CDM Medication Administration Stop Date,,DWARZEL,,,,ENGLISH,,MEDICATIONS_ADMINISTERED,PCORnet Table,,CDMH Phase I
6385424,1,"Administration, Management Performed Study Activity Date and Time Range Sentinel CDM Enrollment Start Date",,DWARZEL,,,,ENGLISH,,ENROLLMENT,Sentinel Table,,CDMH Phase I
6423044,1,Clinical Performed Observation Outcome Data Sentinel CDM Laboratory Result Original Unit of Measure,,DWARZEL,,,,ENGLISH,,LABORATORY_RESULTS,Sentinel Table,,CDMH Phase I
6385411,1,Diagnosis Performed Observation Outcome Data Sentinel CDM Diagnosis Code,,DWARZEL,,,,ENGLISH,,DIAGNOSIS,Sentinel Table,,CDMH Phase I
6385467,1,Observation Reuse Template Study Activity Name Code Sentinel CDM Tobacco Product Type,,DWARZEL,,,,ENGLISH,,VITAL_SIGNS,Sentinel Table,,CDMH Phase I
6365736,1,Health Care Provider Identifier PCORnet CDM Provider NPI Identifier,,DWARZEL,,,,ENGLISH,,PROVIDER,PCORnet Table,,CDMH Phase I
6421670,1,Performed Encounter Date and Time Range PCORnet CDM Admission Date,,DWARZEL,,,,ENGLISH,,ENCOUNTER,PCORnet Table,,CDMH Phase I
6421670,1,Performed Encounter Date and Time Range PCORnet CDM Admission Date,,DWARZEL,,,,ENGLISH,,DIAGNOSIS,PCORnet Table,,CDMH Phase I
6421670,1,Performed Encounter Date and Time Range PCORnet CDM Admission Date,,DWARZEL,,,,ENGLISH,,PROCEDURES,PCORnet Table,,CDMH Phase I
6381647,1,Place Type Code OMOP CDM Discharge Disposition Concept Identifier,,DWARZEL,,,,ENGLISH,,VISIT_OCCURRENCE,OMOP Table,,CDMH Phase I
6385406,1,Adverse Event Performed Observation Outcome Uncertain Code Sentinel CDM Death Confidence Code,,DWARZEL,,,,ENGLISH,,DEATH,Sentinel Table,,CDMH Phase I
6421689,1,Diagnosis Performed Observation Outcome Present At Admission Code PCORnet CDM Diagnosis Present on Admission Code,,DWARZEL,,,,ENGLISH,,DIAGNOSIS,PCORnet Table,,CDMH Phase I
6381641,1,Biospecimen Collection Intervention or Procedure Performed Study Activity Target Anatomic Site Code OMOP CDM Anatomic Site Concept Identifier,,DWARZEL,,,,ENGLISH,,SPECIMEN,OMOP Table,,CDMH Phase I
6381598,1,Pharmacologic Substance Product Material Lot Number Text OMOP CDM Lot Number Identifier,,DWARZEL,,,,ENGLISH,,DRUG_EXPOSURE,OMOP Table,,CDMH Phase I
6381619,1,"Administration, Management Performed Study Activity Date and Time Range OMOP CDM Observation Period Start Date",,DWARZEL,,,,ENGLISH,,OBSERVATION_PERIOD,OMOP Table,,CDMH Phase I
6381611,1,Clinical Performed Observation Outcome Data OMOP CDM Mathematical Operator Concept Identifier,,DWARZEL,,,,ENGLISH,,MEASUREMENT,OMOP Table,,CDMH Phase I
6400699,1,Person Biological Entity Birth Date and Time ACT I2B2 CDM Birth Date and Time,,DWARZEL,,,,ENGLISH,,DEMOGRAPHICS,ACT Table,,CDMH Phase I
6421690,1,Diagnosis Performed Observation Outcome Priority at Discharge Code PCORnet CDM Principal Discharge Diagnosis Code,,DWARZEL,,,,ENGLISH,,DIAGNOSIS,PCORnet Table,,CDMH Phase I
6381639,1,Person Biological Entity Name OMOP CDM Provider Name,,DWARZEL,,,,ENGLISH,,PROVIDER,OMOP Table,,CDMH Phase I
6385380,1,Biologically-Derived Material Product Material Code Sentinel CDM Transfusion Product Name,,DWARZEL,,,,ENGLISH,,INPATIENT_TRANSFUSION,Sentinel Table,,CDMH Phase I
6421698,1,"Administration, Management Performed Study Activity Information Source Type Code PCORnet CDM Enrollment Basis Code",,DWARZEL,,,,ENGLISH,,ENROLLMENT,PCORnet Table,,CDMH Phase I
6369922,1,Performed Observation Outcome Data PCORnet CDM Patient Reported Outcome Response Text,,DWARZEL,,,,ENGLISH,,PATIENT_REPORTED_OUTCOMES_(PRO),PCORnet Table,,CDMH Phase I
6385419,1,Place Type Code Sentinel CDM Discharge Vital Status Code,,DWARZEL,,,,ENGLISH,,ENCOUNTER,Sentinel Table,,CDMH Phase I
6421688,1,Substance Administration Intervention or Procedure Performed Study Activity Order Date PCORnet CDM Prescription Order Time,,DWARZEL,,,,ENGLISH,,PRESCRIBING,PCORnet Table,,CDMH Phase I
6421686,1,"Protocol Agent Transfer Administration, Management Performed Study Activity Dose Day Number PCORnet CDM Prescription Supply Day Count",,DWARZEL,,,,ENGLISH,,PRESCRIBING,PCORnet Table,,CDMH Phase I
6385460,1,Clinical Performed Observation Outcome Data Sentinel CDM Diastolic Blood Pressure Value,,DWARZEL,,,,ENGLISH,,VITAL_SIGNS,Sentinel Table,,CDMH Phase I
6385384,1,Biologically-Derived Material Product Material Code Sentinel CDM Transfusion Product Code Type,,DWARZEL,,,,ENGLISH,,INPATIENT_TRANSFUSION,Sentinel Table,,CDMH Phase I
6369913,1,Performed Observation Outcome Data PCORnet CDM Patient Reported Outcome Measure Items Scored Count,,DWARZEL,,,,ENGLISH,,PATIENT_REPORTED_OUTCOMES_(PRO),PCORnet Table,,CDMH Phase I
6369927,1,Clinical Performed Observation Outcome Data PCORnet CDM Height Value,,DWARZEL,,,,ENGLISH,,VITAL,PCORnet Table,,CDMH Phase I
6369902,1,Protocol Agent Transfer Administration Performed Study Activity Date and Time Range PCORnet CDM Prescription Order End Date,,DWARZEL,,,,ENGLISH,,PRESCRIBING,PCORnet Table,,CDMH Phase I
6385425,1,Substance Administration Intervention or Procedure Performed Study Activity Date and Time Range Sentinel CDM Prescription Administration Date,,DWARZEL,,,,ENGLISH,,INPATIENT_PHARMACY,Sentinel Table,,CDMH Phase I
6369845,1,Substance Administration Intervention or Procedure Performed Study Activity Product Dose PCORnet CDM Dispense Dose Value,,DWARZEL,,,,ENGLISH,,DISPENSING,PCORnet Table,,CDMH Phase I
6423002,1,Substance Administration Intervention or Procedure Performed Study Activity Order Date ACT I2B2 CDM Medication Order Date Date and Time,,DWARZEL,,,,ENGLISH,,MEDICATION,ACT Table,,CDMH Phase I
6385432,1,Observation Performed Study Activity Fasting Flag Sentinel CDM Fasting Status Indicator,,DWARZEL,,,,ENGLISH,,LABORATORY_RESULTS,Sentinel Table,,CDMH Phase I
6369872,1,Clinical Performed Observation Outcome Data PCORnet CDM Lab Result Modifier Code,,DWARZEL,,,,ENGLISH,,LAB_RESULT,PCORnet Table,,CDMH Phase I
6381631,1,Person Biological Entity Birth Date and Time OMOP CDM Year of Birth Number,,DWARZEL,,,,ENGLISH,,PROVIDER,OMOP Table,,CDMH Phase I
6381631,1,Person Biological Entity Birth Date and Time OMOP CDM Year of Birth Number,,DWARZEL,,,,ENGLISH,,PERSON,OMOP Table,,CDMH Phase I
6385409,1,Person Biological Entity Birth Date and Time Sentinel CDM Birth Date,,DWARZEL,,,,ENGLISH,,DEMOGRAPHIC,Sentinel Table,,CDMH Phase I
6379552,1,Substance Administration Intervention or Procedure Performed Study Activity Product Dose PCORnet CDM Prescription Ordered Dose Unit of Measure,,DWARZEL,,,,ENGLISH,,PRESCRIBING,PCORnet Table,,CDMH Phase I
6423059,1,Observation Performed Study Activity Information Source Type Code Sentinel CDM Death Source,,DWARZEL,,,,ENGLISH,,DEATH,Sentinel Table,,CDMH Phase I
6385431,1,Observation Reuse Template Study Activity Name Code Sentinel CDM Laboratory Battery Code,,DWARZEL,,,,ENGLISH,,LABORATORY_RESULTS,Sentinel Table,,CDMH Phase I
6369915,1,Observation Reuse Template Study Activity Name Code PCORnet CDM Patient Reported Outcome Measure LOINC Code,,DWARZEL,,,,ENGLISH,,PATIENT_REPORTED_OUTCOMES_(PRO),PCORnet Table,,CDMH Phase I
6385430,1,Clinical Performed Observation Outcome Reference Object Range Comparison Code Sentinel CDM Laboratory Abnormal Result Indicator Code,,DWARZEL,,,,ENGLISH,,LABORATORY_RESULTS,Sentinel Table,,CDMH Phase I
6381576,1,Medical Condition Performed Observation Outcome Occurrence Date and Time Range OMOP CDM Condition End Date,,DWARZEL,,,,ENGLISH,,CONDITION_OCCURRENCE,OMOP Table,,CDMH Phase I
6421697,1,Intervention or Procedure Performed Study Activity Information Source Type Code PCORnet CDM Procedure Source Code,,DWARZEL,,,,ENGLISH,,PROCEDURES,PCORnet Table,,CDMH Phase I
6385441,1,Clinical Performed Observation Outcome Data Sentinel CDM Laboratory Result Unit of Measure,,DWARZEL,,,,ENGLISH,,LABORATORY_RESULTS,Sentinel Table,,CDMH Phase I
6423064,1,Investigative Subject Identifier Sentinel CDM Subject Identifier,,DWARZEL,,,,ENGLISH,,DEMOGRAPHIC,Sentinel Table,,CDMH Phase I
6423064,1,Investigative Subject Identifier Sentinel CDM Subject Identifier,,DWARZEL,,,,ENGLISH,,ENROLLMENT,Sentinel Table,,CDMH Phase I
6423064,1,Investigative Subject Identifier Sentinel CDM Subject Identifier,,DWARZEL,,,,ENGLISH,,PROCEDURE,Sentinel Table,,CDMH Phase I
6423064,1,Investigative Subject Identifier Sentinel CDM Subject Identifier,,DWARZEL,,,,ENGLISH,,ENCOUNTER,Sentinel Table,,CDMH Phase I
6423064,1,Investigative Subject Identifier Sentinel CDM Subject Identifier,,DWARZEL,,,,ENGLISH,,LABORATORY_RESULTS,Sentinel Table,,CDMH Phase I
6423064,1,Investigative Subject Identifier Sentinel CDM Subject Identifier,,DWARZEL,,,,ENGLISH,,CAUSE_OF_DEATH,Sentinel Table,,CDMH Phase I
6423064,1,Investigative Subject Identifier Sentinel CDM Subject Identifier,,DWARZEL,,,,ENGLISH,,DEATH,Sentinel Table,,CDMH Phase I
6423064,1,Investigative Subject Identifier Sentinel CDM Subject Identifier,,DWARZEL,,,,ENGLISH,,VITAL_SIGNS,Sentinel Table,,CDMH Phase I
6423064,1,Investigative Subject Identifier Sentinel CDM Subject Identifier,,DWARZEL,,,,ENGLISH,,INPATIENT_TRANSFUSION,Sentinel Table,,CDMH Phase I
6423064,1,Investigative Subject Identifier Sentinel CDM Subject Identifier,,DWARZEL,,,,ENGLISH,,INPATIENT_PHARMACY,Sentinel Table,,CDMH Phase I
6423064,1,Investigative Subject Identifier Sentinel CDM Subject Identifier,,DWARZEL,,,,ENGLISH,,DIAGNOSIS,Sentinel Table,,CDMH Phase I
6423064,1,Investigative Subject Identifier Sentinel CDM Subject Identifier,,DWARZEL,,,,ENGLISH,,DISPENSING,Sentinel Table,,CDMH Phase I
6421509,1,Observation Performed Study Activity Information Source Type Code PCORnet CDM Diagnosis Origin Code,,DWARZEL,,,,ENGLISH,,DIAGNOSIS,PCORnet Table,,CDMH Phase I
6385412,1,Diagnosis Performed Observation Outcome Data Sentinel CDM Diagnosis Code System Type,,DWARZEL,,,,ENGLISH,,DIAGNOSIS,Sentinel Table,,CDMH Phase I
6381593,1,Substance Administration Intervention or Procedure Performed Study Activity Date and Time Range OMOP CDM Drug Exposure End Date and Time,,DWARZEL,,,,ENGLISH,,DRUG_EXPOSURE,OMOP Table,,CDMH Phase I
6421672,1,Performed Encounter Date and Time Range PCORnet CDM Discharge Date,,DWARZEL,,,,ENGLISH,,ENCOUNTER,PCORnet Table,,CDMH Phase I
6423053,1,Performed Encounter Classification Code Sentinel CDM Diagnosis Related Group Code,,DWARZEL,,,,ENGLISH,,ENCOUNTER,Sentinel Table,,CDMH Phase I
6381589,1,Substance Administration Intervention or Procedure Performed Study Activity Date and Time Range OMOP CDM Device Exposure Start Date and Time,,DWARZEL,,,,ENGLISH,,DEVICE_EXPOSURE,OMOP Table,,CDMH Phase I
6381622,1,Performed Study Activity Date and Time Range OMOP CDM Observation Date,,DWARZEL,,,,ENGLISH,,OBSERVATION,OMOP Table,,CDMH Phase I
6385462,1,Observation Performed Study Activity Date and Time Range Sentinel CDM Vital Sign Measurement Date,,DWARZEL,,,,ENGLISH,,VITAL_SIGNS,Sentinel Table,,CDMH Phase I
6381643,1,Material Code OMOP CDM Specimen Concept Identifier,,DWARZEL,,,,ENGLISH,,SPECIMEN,OMOP Table,,CDMH Phase I
6422445,1,Material Identifier OMOP CDM Specimen Identifier,,DWARZEL,,,,ENGLISH,,SPECIMEN,OMOP Table,,CDMH Phase I
6381633,1,Intervention or Procedure Performed Study Activity Date and Time Range OMOP CDM Procedure Date,,DWARZEL,,,,ENGLISH,,PROCEDURE_OCCURRENCE,OMOP Table,,CDMH Phase I
6421521,1,Investigative Subject Identifier PCORnet CDM Subject Identifier,,DWARZEL,,,,ENGLISH,,ENCOUNTER,PCORnet Table,,CDMH Phase I
6421521,1,Investigative Subject Identifier PCORnet CDM Subject Identifier,,DWARZEL,,,,ENGLISH,,ENROLLMENT,PCORnet Table,,CDMH Phase I
6421521,1,Investigative Subject Identifier PCORnet CDM Subject Identifier,,DWARZEL,,,,ENGLISH,,DIAGNOSIS,PCORnet Table,,CDMH Phase I
6421521,1,Investigative Subject Identifier PCORnet CDM Subject Identifier,,DWARZEL,,,,ENGLISH,,CONDITION,PCORnet Table,,CDMH Phase I
6421521,1,Investigative Subject Identifier PCORnet CDM Subject Identifier,,DWARZEL,,,,ENGLISH,,PRESCRIBING,PCORnet Table,,CDMH Phase I
6421521,1,Investigative Subject Identifier PCORnet CDM Subject Identifier,,DWARZEL,,,,ENGLISH,,OBSERVATIONS_GENERAL_(OBS_GEN),PCORnet Table,,CDMH Phase I
6421521,1,Investigative Subject Identifier PCORnet CDM Subject Identifier,,DWARZEL,,,,ENGLISH,,DEMOGRAPHIC,PCORnet Table,,CDMH Phase I
6421521,1,Investigative Subject Identifier PCORnet CDM Subject Identifier,,DWARZEL,,,,ENGLISH,,PROCEDURES,PCORnet Table,,CDMH Phase I
6421521,1,Investigative Subject Identifier PCORnet CDM Subject Identifier,,DWARZEL,,,,ENGLISH,,VITAL,PCORnet Table,,CDMH Phase I
6421521,1,Investigative Subject Identifier PCORnet CDM Subject Identifier,,DWARZEL,,,,ENGLISH,,DISPENSING,PCORnet Table,,CDMH Phase I
6421521,1,Investigative Subject Identifier PCORnet CDM Subject Identifier,,DWARZEL,,,,ENGLISH,,LAB_RESULT,PCORnet Table,,CDMH Phase I
6421521,1,Investigative Subject Identifier PCORnet CDM Subject Identifier,,DWARZEL,,,,ENGLISH,,DEATH,PCORnet Table,,CDMH Phase I
6421521,1,Investigative Subject Identifier PCORnet CDM Subject Identifier,,DWARZEL,,,,ENGLISH,,DEATH_CAUSE,PCORnet Table,,CDMH Phase I
6421521,1,Investigative Subject Identifier PCORnet CDM Subject Identifier,,DWARZEL,,,,ENGLISH,,MEDICATIONS_ADMINISTERED,PCORnet Table,,CDMH Phase I
6421521,1,Investigative Subject Identifier PCORnet CDM Subject Identifier,,DWARZEL,,,,ENGLISH,,OBSERVATIONS_CLINICAL_(OBS_CLIN),PCORnet Table,,CDMH Phase I
6421521,1,Investigative Subject Identifier PCORnet CDM Subject Identifier,,DWARZEL,,,,ENGLISH,,PATIENT_REPORTED_OUTCOMES_(PRO),PCORnet Table,,CDMH Phase I
6369909,1,Observation Reuse Template Study Activity Name Code PCORnet CDM Patient Reported Outcome LOINC Code,,DWARZEL,,,,ENGLISH,,PATIENT_REPORTED_OUTCOMES_(PRO),PCORnet Table,,CDMH Phase I
6381620,1,"Administration, Management Performed Study Activity Identifier OMOP CDM Observation Period Identifier",,DWARZEL,,,,ENGLISH,,OBSERVATION_PERIOD,OMOP Table,,CDMH Phase I
6400747,1,Clinical Performed Observation Outcome Data ACT I2B2 CDM Laboratory Result Standardized Value,,DWARZEL,,,,ENGLISH,,LABORATORY_TEST,ACT Table,,CDMH Phase I
6379892,1,Observation Performed Study Activity Body Position Code PCORnet CDM BP Body Position Code,,DWARZEL,,,,ENGLISH,,VITAL,PCORnet Table,,CDMH Phase I
6421700,1,Health Care Provider Role Code PCORnet CDM Provider Specialty Code,,DWARZEL,,,,ENGLISH,,PROVIDER,PCORnet Table,,CDMH Phase I
6369844,1,Protocol Agent Transfer Administration Performed Study Activity Date and Time Range PCORnet CDM Dispense Date,,DWARZEL,,,,ENGLISH,,DISPENSING,PCORnet Table,,CDMH Phase I
6333697,1,Subject Activity Group Reuse Template Study Activity Name Code ACT I2B2 CDM Visit Code,,DWARZEL,,,,ENGLISH,,VISIT,ACT Table,,CDMH Phase I
6385456,1,Reuse Template Study Activity Name Code Sentinel CDM Original Procedure Code,,DWARZEL,,,,ENGLISH,,PROCEDURE,Sentinel Table,,CDMH Phase I
6422470,1,Result Classification Code OMOP CDM Observation Qualifier Concept Identifier,,DWARZEL,,,,ENGLISH,,OBSERVATION,OMOP Table,,CDMH Phase I
6369924,1,Intervention or Procedure Reuse Template Study Activity Name Code PCORnet CDM Procedure Code,,DWARZEL,,,,ENGLISH,,PROCEDURES,PCORnet Table,,CDMH Phase I
6379890,1,Observation Performed Study Activity Method Code PCORnet CDM Patient Reported Outcome Measure Administration Method Code,,DWARZEL,,,,ENGLISH,,PATIENT_REPORTED_OUTCOMES_(PRO),PCORnet Table,,CDMH Phase I
6381569,1,Health Care Provider Identifier OMOP CDM Provider Identifier,,DWARZEL,,,,ENGLISH,,DRUG_EXPOSURE,OMOP Table,,CDMH Phase I
6381569,1,Health Care Provider Identifier OMOP CDM Provider Identifier,,DWARZEL,,,,ENGLISH,,PROVIDER,OMOP Table,,CDMH Phase I
6381569,1,Health Care Provider Identifier OMOP CDM Provider Identifier,,DWARZEL,,,,ENGLISH,,PERSON,OMOP Table,,CDMH Phase I
6381569,1,Health Care Provider Identifier OMOP CDM Provider Identifier,,DWARZEL,,,,ENGLISH,,VISIT_OCCURRENCE,OMOP Table,,CDMH Phase I
6381569,1,Health Care Provider Identifier OMOP CDM Provider Identifier,,DWARZEL,,,,ENGLISH,,PROCEDURE_OCCURRENCE,OMOP Table,,CDMH Phase I
6381569,1,Health Care Provider Identifier OMOP CDM Provider Identifier,,DWARZEL,,,,ENGLISH,,DEVICE_EXPOSURE,OMOP Table,,CDMH Phase I
6381569,1,Health Care Provider Identifier OMOP CDM Provider Identifier,,DWARZEL,,,,ENGLISH,,CONDITION_OCCURRENCE,OMOP Table,,CDMH Phase I
6381569,1,Health Care Provider Identifier OMOP CDM Provider Identifier,,DWARZEL,,,,ENGLISH,,MEASUREMENT,OMOP Table,,CDMH Phase I
6381569,1,Health Care Provider Identifier OMOP CDM Provider Identifier,,DWARZEL,,,,ENGLISH,,NOTE,OMOP Table,,CDMH Phase I
6381569,1,Health Care Provider Identifier OMOP CDM Provider Identifier,,DWARZEL,,,,ENGLISH,,OBSERVATION,OMOP Table,,CDMH Phase I
6369908,1,Observation Reuse Template Study Activity Name Code PCORnet CDM Patient Reported Outcome Item Name,,DWARZEL,,,,ENGLISH,,PATIENT_REPORTED_OUTCOMES_(PRO),PCORnet Table,,CDMH Phase I
6385391,1,Evaluation Observation Outcome Relationship Probability Code Sentinel CDM Cause of Death Type,,DWARZEL,,,,ENGLISH,,CAUSE_OF_DEATH,Sentinel Table,,CDMH Phase I
6385435,1,Observation Reuse Template Study Activity Name Code Sentinel CDM Laboratory Test Code,,DWARZEL,,,,ENGLISH,,LABORATORY_RESULTS,Sentinel Table,,CDMH Phase I
6369917,1,Performed Observation Outcome Data PCORnet CDM Patient Reported Outcome Measure Scaled T Score,,DWARZEL,,,,ENGLISH,,PATIENT_REPORTED_OUTCOMES_(PRO),PCORnet Table,,CDMH Phase I
6400753,1,Pharmacologic Substance Product Material Code ACT I2B2 CDM Medication Classification System Version Text,,DWARZEL,,,,ENGLISH,,MEDICATION,ACT Table,,CDMH Phase I
6379895,1,Observation Reuse Template Study Activity Name Code PCORnet CDM Tobacco Product Type,,DWARZEL,,,,ENGLISH,,VITAL,PCORnet Table,,CDMH Phase I
6381570,1,Clinical Performed Observation Outcome Data OMOP CDM Unit of Measure Concept Identifier,,DWARZEL,,,,ENGLISH,,MEASUREMENT,OMOP Table,,CDMH Phase I
6381570,1,Clinical Performed Observation Outcome Data OMOP CDM Unit of Measure Concept Identifier,,DWARZEL,,,,ENGLISH,,OBSERVATION,OMOP Table,,CDMH Phase I
6421693,1,Observation Performed Study Activity Order Date PCORnet CDM Lab Order Date,,DWARZEL,,,,ENGLISH,,LAB_RESULT,PCORnet Table,,CDMH Phase I
6381627,1,Person Biological Entity Birth Date and Time OMOP CDM Birth Date and Time,,DWARZEL,,,,ENGLISH,,PERSON,OMOP Table,,CDMH Phase I
6381588,1,Substance Administration Intervention or Procedure Performed Study Activity Date and Time Range OMOP CDM Device Exposure Start Date,,DWARZEL,,,,ENGLISH,,DEVICE_EXPOSURE,OMOP Table,,CDMH Phase I
6421699,1,"Protocol Agent Transfer Administration, Management Performed Study Activity Ordered Repeats PCORnet CDM Prescription Refill Ordered Number",,DWARZEL,,,,ENGLISH,,PRESCRIBING,PCORnet Table,,CDMH Phase I
